p,e,n,a,d,g,i,q,l,v,w,t,k,f,s,r,m,y,c,h,Label
2,6,6,16,8,12,6,4,5,5,2,1,4,3,0,1,1,3,2,2,-1
5,9,3,17,3,15,7,10,14,8,1,3,16,4,2,3,2,4,2,3,-1
7,10,8,8,12,10,7,4,13,6,1,15,6,5,5,7,1,6,2,2,-1
4,5,6,18,6,10,1,4,9,10,1,8,12,5,2,3,3,3,2,2,-1
12,10,4,15,8,14,8,4,7,14,0,9,2,4,4,9,6,4,2,2,-1
6,5,3,13,5,7,3,5,4,7,2,2,8,2,3,1,2,1,2,1,-1
8,5,2,19,8,12,3,4,8,3,2,12,4,2,6,8,0,1,4,1,-1
6,5,2,6,4,8,2,2,6,7,1,1,4,2,6,3,1,4,2,2,-1
10,7,6,19,11,10,2,5,14,4,1,8,4,3,6,5,2,6,2,2,-1
9,8,0,8,5,8,4,10,8,8,0,3,5,3,7,5,4,4,2,3,-1
18,15,9,23,13,16,5,5,12,11,3,10,5,7,10,10,5,11,4,7,-1
4,3,5,12,7,15,3,5,9,2,0,5,7,3,3,4,3,3,2,3,-1
3,3,6,10,2,11,7,8,5,4,0,5,5,3,3,3,3,4,2,3,-1
3,9,0,13,8,6,1,5,10,1,1,3,9,4,4,4,3,5,2,3,-1
5,6,5,8,6,11,5,5,8,7,1,3,2,5,9,11,0,7,3,4,-1
12,11,12,9,10,15,4,7,12,9,1,10,12,8,7,6,3,6,2,2,-1
5,5,1,9,5,5,3,5,7,3,4,6,1,3,2,7,1,3,2,3,-1
1,6,4,5,0,1,2,5,6,0,1,2,3,3,4,9,0,1,0,0,-1
1,5,7,1,1,2,5,1,5,2,2,5,7,2,4,7,1,1,0,1,-1
1,8,5,2,1,0,6,3,3,3,1,4,6,2,4,6,2,0,0,0,-1
2,8,8,5,0,3,5,3,3,2,1,2,9,4,5,6,0,5,1,1,-1
4,6,3,5,1,3,2,6,7,2,1,5,8,3,3,11,0,4,0,3,-1
8,9,9,7,7,4,9,6,11,9,3,7,13,12,11,10,5,9,0,3,-1
3,3,2,3,0,4,6,4,4,1,0,1,4,2,4,6,1,2,0,2,-1
2,2,1,2,3,2,2,1,6,4,0,2,3,0,8,6,2,2,1,2,-1
3,4,3,17,8,4,2,6,7,5,4,5,6,2,7,8,2,4,0,2,-1
1,4,4,4,2,2,4,1,3,0,3,4,4,0,2,5,1,1,0,2,-1
1,2,2,6,4,3,2,2,6,3,2,4,5,1,7,4,1,2,0,2,-1
5,7,3,8,1,9,2,6,6,8,1,7,4,3,13,4,2,0,3,3,-1
2,3,3,6,3,1,1,2,9,8,1,3,9,2,2,4,1,0,0,4,-1
4,5,4,4,2,3,5,4,4,6,1,2,4,1,8,5,0,1,2,0,-1
4,6,4,1,8,3,5,0,7,8,0,7,7,4,5,8,0,5,0,4,-1
4,6,3,4,1,3,6,2,5,2,0,4,6,2,5,10,1,1,1,0,-1
2,5,3,2,4,4,6,6,5,3,2,2,8,4,7,8,1,3,0,3,-1
2,3,7,6,5,5,1,8,12,9,0,6,7,1,3,5,5,4,0,0,-1
6,5,3,4,2,1,3,2,5,2,1,2,2,0,4,11,3,1,1,2,-1
1,5,1,1,3,3,5,2,6,1,2,2,4,1,8,3,1,2,0,3,-1
5,1,0,8,2,2,3,5,8,1,1,4,3,5,5,10,0,2,0,0,-1
0,9,6,3,1,4,6,3,8,2,2,4,12,3,4,0,0,3,0,1,-1
1,8,2,7,4,4,9,5,3,4,0,1,9,3,3,1,3,4,0,1,-1
4,5,3,10,8,3,3,2,12,4,0,4,2,3,3,4,1,2,0,0,-1
3,6,2,16,3,6,6,6,8,0,1,7,5,5,3,3,1,4,1,2,-1
3,4,5,6,5,8,6,2,14,7,1,4,3,3,4,12,1,3,1,2,-1
2,5,1,5,1,5,5,4,7,8,0,2,3,0,6,7,1,3,0,0,-1
2,8,3,8,1,4,2,5,7,6,0,4,8,4,6,4,4,1,1,0,-1
2,7,0,5,1,7,4,4,11,6,0,5,2,2,5,7,0,4,0,2,-1
1,3,4,7,3,8,9,5,5,5,0,8,3,3,6,6,0,2,0,2,-1
2,6,1,4,4,4,11,1,6,1,0,3,8,1,3,4,0,0,0,1,-1
1,4,5,6,4,3,7,6,12,7,0,4,7,1,10,4,3,2,0,8,-1
6,8,6,9,7,7,7,6,25,12,1,8,11,2,3,7,2,2,6,3,-1
2,15,7,10,6,7,16,8,12,10,1,5,12,3,8,12,2,6,1,1,-1
2,10,5,3,8,0,15,8,9,8,0,5,16,8,8,6,3,6,1,4,-1
1,11,7,5,6,0,11,5,12,8,0,5,16,5,8,5,1,6,1,2,-1
5,7,3,4,6,6,9,2,14,8,0,4,8,4,5,8,4,1,0,2,-1
3,7,4,2,3,2,9,2,6,6,2,6,11,1,8,2,3,2,0,3,-1
5,8,4,5,1,5,6,3,7,3,3,7,2,3,4,6,0,1,0,1,-1
1,14,2,5,5,5,5,6,19,7,0,4,19,6,5,6,2,6,1,2,-1
2,4,3,14,8,10,10,11,21,3,1,4,7,3,12,6,2,3,0,3,-1
1,6,8,3,10,4,8,3,11,6,2,3,8,3,3,4,2,3,0,0,-1
7,10,2,10,8,8,10,6,10,6,1,3,8,8,12,7,1,7,1,4,-1
4,7,3,9,7,6,7,3,14,9,1,8,11,6,7,9,2,5,2,5,-1
4,15,2,3,3,8,11,2,15,7,1,8,7,2,7,9,0,4,1,3,-1
2,5,4,3,2,6,6,3,12,2,1,5,6,2,3,3,2,5,0,2,-1
1,7,1,8,2,3,4,5,9,2,1,4,2,0,5,4,1,1,0,1,-1
3,8,2,1,4,2,1,2,9,5,2,1,6,4,5,4,0,3,0,2,-1
3,7,9,9,9,9,14,6,8,11,3,7,13,6,10,5,1,5,1,3,-1
3,8,5,3,6,6,14,4,13,6,1,5,10,4,1,6,1,3,0,1,-1
7,6,4,12,6,5,5,2,15,7,0,9,3,2,12,5,4,4,1,1,-1
5,3,2,9,8,9,0,3,21,8,0,8,2,0,1,8,2,0,0,3,-1
4,3,5,2,3,5,5,2,9,5,0,4,17,3,14,1,2,3,1,0,-1
7,4,8,3,5,5,7,4,7,3,2,3,8,6,6,4,4,6,1,1,-1
3,4,3,2,4,4,2,4,9,5,0,7,10,2,4,5,3,1,0,1,-1
2,6,2,7,6,5,6,2,7,9,2,5,6,4,6,7,4,4,1,3,-1
6,6,6,7,8,13,4,2,14,4,1,1,8,4,15,2,2,4,1,1,-1
0,4,2,4,4,4,5,3,11,4,1,4,9,1,5,4,0,1,0,1,-1
3,4,4,4,5,6,5,4,9,5,1,5,9,2,3,3,2,4,0,3,-1
4,3,2,1,3,4,3,5,7,6,1,2,8,0,4,2,0,1,1,0,-1
3,3,9,2,3,0,4,3,7,5,1,5,11,2,5,1,1,3,2,0,-1
5,6,6,5,4,9,4,3,13,2,1,6,7,3,4,4,5,11,0,2,-1
0,4,2,4,5,7,3,4,8,4,3,4,16,4,5,6,3,4,0,2,-1
4,3,8,6,8,6,7,6,11,3,2,3,8,10,6,7,2,2,1,3,-1
9,6,8,7,6,5,8,3,6,3,6,3,12,4,3,9,5,1,1,4,-1
2,8,1,3,5,4,2,2,9,5,0,6,0,0,3,8,3,2,0,1,-1
1,5,3,6,5,5,1,3,6,5,1,4,10,5,7,1,3,3,0,0,-1
4,9,4,3,5,4,2,4,10,11,0,4,8,5,8,6,3,1,0,1,-1
5,3,5,2,6,4,3,0,11,4,1,2,4,3,2,5,3,3,4,4,-1
3,9,2,8,3,4,6,3,8,3,0,7,12,7,3,4,1,8,0,3,-1
3,13,1,4,4,8,7,0,14,9,1,1,11,5,10,11,3,3,0,1,-1
16,13,6,11,7,7,5,16,17,18,1,10,10,9,7,14,7,6,2,5,-1
3,14,6,2,9,5,9,7,16,11,0,3,14,12,11,8,5,2,4,4,-1
1,11,6,3,5,3,7,0,14,4,0,5,7,5,5,6,5,4,2,1,-1
6,4,8,1,10,4,12,8,7,5,4,11,8,4,16,7,2,5,2,0,-1
6,10,7,12,7,3,9,4,13,12,0,4,11,2,13,6,4,1,1,2,-1
1,9,3,8,6,6,6,5,14,3,0,3,9,3,3,3,2,3,0,2,-1
2,6,5,6,8,6,8,6,10,1,0,7,8,7,5,3,3,0,2,2,-1
1,10,7,2,5,2,6,5,10,3,0,5,9,5,3,3,4,1,1,3,-1
1,5,4,5,11,6,5,1,5,3,0,5,4,7,5,4,4,0,1,0,-1
1,6,1,20,14,7,4,2,9,5,0,2,12,10,8,1,2,1,1,1,-1
5,13,11,13,18,13,8,1,12,11,3,10,12,15,11,5,10,2,0,1,-1
2,12,2,5,9,5,6,1,3,5,0,1,6,6,1,1,3,0,0,0,-1
7,14,6,12,21,16,11,6,14,7,6,11,15,11,7,8,3,4,5,5,-1
0,14,5,10,13,12,9,6,12,9,0,3,16,9,7,1,3,4,0,1,-1
0,13,2,3,10,5,4,3,8,3,0,5,9,6,3,3,3,0,0,0,-1
5,16,6,9,13,9,9,5,10,4,0,7,15,11,8,4,9,2,0,0,-1
3,12,7,4,19,13,11,9,14,14,0,3,15,12,10,6,6,3,2,2,-1
7,25,8,11,11,10,12,8,18,6,3,13,25,14,14,5,2,5,1,3,-1
4,23,9,14,14,11,6,10,20,13,4,7,14,12,5,8,5,5,3,2,-1
0,17,8,10,23,19,16,5,16,5,0,8,14,8,9,9,7,5,1,2,-1
5,4,3,10,6,8,2,4,17,8,1,3,6,4,9,4,0,3,1,1,-1
6,7,3,6,7,4,5,4,11,3,2,4,9,7,5,2,1,3,1,2,-1
7,5,9,8,18,17,12,14,11,11,5,8,6,14,12,13,3,6,1,1,-1
2,11,8,10,15,13,10,8,15,9,3,9,9,12,11,10,8,5,2,3,-1
3,3,10,8,9,3,7,7,22,6,1,7,6,2,6,8,4,4,6,3,-1
3,5,3,8,4,2,6,2,8,4,4,6,5,8,8,5,1,1,1,2,-1
3,18,6,2,10,2,2,3,12,6,1,5,7,6,2,7,4,1,0,2,-1
18,30,27,57,16,34,29,28,73,46,3,34,20,6,24,30,16,9,11,18,-1
50,61,42,54,64,34,65,50,115,50,12,37,44,35,47,35,25,22,26,20,-1
15,33,25,45,24,21,34,17,60,40,4,24,29,15,36,27,9,20,10,12,-1
26,47,21,57,36,20,31,21,81,52,5,27,32,18,39,27,13,10,14,11,-1
3,15,9,10,15,3,12,5,17,14,5,10,10,7,5,7,5,6,0,3,-1
16,23,12,18,12,7,10,10,34,20,5,11,16,10,14,15,6,12,6,7,-1
8,25,11,20,15,6,20,20,34,22,4,13,19,20,19,11,6,4,6,13,-1
9,30,18,20,18,7,22,20,43,14,1,17,31,20,17,15,8,11,3,6,-1
8,30,22,30,17,12,17,13,42,19,4,11,20,17,12,19,9,19,4,11,-1
2,2,4,2,1,0,3,1,3,2,0,1,0,0,0,2,1,1,0,0,-1
11,14,5,17,13,7,8,13,29,11,4,5,13,9,9,15,2,7,2,7,-1
9,32,29,23,31,16,40,25,70,32,5,21,41,17,38,15,4,11,7,11,-1
2,13,4,14,7,9,5,2,10,7,3,4,4,4,7,11,3,1,0,1,-1
4,11,8,13,7,4,6,10,20,4,1,9,6,7,0,5,4,5,3,3,-1
7,5,3,6,3,10,4,5,12,8,1,7,3,5,15,6,2,6,2,2,1
4,5,6,11,2,13,4,4,10,8,2,16,3,4,8,3,0,3,2,2,1
5,4,6,8,3,10,3,7,9,8,5,10,8,3,13,1,1,9,2,1,1
6,3,3,2,6,13,1,4,12,6,5,10,4,6,15,6,3,8,2,1,1
10,2,3,6,7,11,8,4,11,12,3,16,6,5,12,8,2,3,2,1,1
7,1,4,8,8,16,4,5,8,8,2,11,4,2,11,6,3,7,4,0,1
2,5,3,5,5,9,8,7,7,8,1,13,9,6,12,2,3,7,2,1,1
2,6,3,9,5,9,3,7,11,4,2,10,2,6,17,8,2,3,2,2,1
5,4,4,6,3,5,0,7,17,7,1,9,6,8,18,1,2,5,2,5,1
6,3,7,7,5,7,7,7,9,6,1,5,8,7,12,3,2,5,2,2,1
7,6,7,7,3,8,7,4,11,5,1,11,3,1,10,5,2,6,2,6,1
6,6,5,5,4,13,4,10,14,8,1,7,7,5,11,3,0,3,2,1,1
5,4,5,5,5,7,2,10,16,8,4,8,4,2,7,10,2,5,3,0,1
4,9,2,3,6,9,5,7,10,8,2,4,6,6,12,6,3,5,2,4,1
4,6,1,10,4,8,4,6,10,7,1,13,6,6,17,4,3,4,2,3,1
5,7,5,5,5,8,4,9,9,5,1,8,7,5,12,6,1,9,2,1,1
6,8,5,7,7,13,10,3,7,7,1,9,8,4,4,6,3,8,3,1,1
5,10,1,6,4,9,12,6,8,9,2,13,9,3,12,5,0,5,2,2,1
8,4,1,5,10,6,4,5,7,11,1,12,5,9,11,6,0,7,2,2,1
8,6,6,4,5,8,4,6,8,14,0,13,2,6,8,4,3,6,4,2,1
5,6,3,3,11,10,9,5,3,13,5,8,5,6,11,4,0,7,2,3,1
8,13,4,8,6,14,6,5,7,9,2,3,5,6,6,12,1,6,2,3,1
7,6,5,7,11,7,10,5,12,9,1,7,12,3,9,2,1,6,2,2,1
6,3,6,3,9,10,6,2,10,11,3,8,8,4,11,6,2,5,3,2,1
5,4,8,8,11,6,3,5,6,10,4,9,6,5,12,9,4,6,3,3,1
5,4,1,6,6,5,3,4,7,10,4,10,6,4,13,8,2,5,4,1,1
6,10,2,4,7,5,6,7,12,9,1,6,9,2,5,7,3,5,3,4,1
5,6,8,5,4,4,3,5,11,13,2,4,11,7,19,2,4,5,3,1,1
2,6,6,2,7,5,7,7,10,6,2,5,13,3,9,3,0,1,2,1,1
5,9,5,5,1,6,4,9,15,5,2,8,7,5,15,2,0,2,0,0,1
1,7,4,3,13,4,10,5,8,2,2,8,19,5,4,1,1,3,0,1,1
3,8,6,2,5,3,3,3,8,10,1,6,7,7,10,2,2,6,0,1,1
2,11,5,5,4,3,7,2,9,12,2,8,10,2,6,4,4,4,2,3,1
2,6,7,4,6,4,6,9,13,6,2,4,8,5,10,3,4,4,2,5,1
3,7,4,4,3,8,4,5,4,11,1,11,4,4,15,3,1,6,3,1,1
4,6,9,9,5,6,6,4,9,9,1,9,3,5,4,5,5,5,0,3,1
5,9,2,3,5,9,4,8,7,12,4,3,4,1,7,2,1,2,2,1,1
6,7,9,9,5,5,7,6,13,4,3,7,3,5,12,6,2,2,2,3,1
26,12,9,24,11,14,14,11,25,15,4,14,10,8,17,16,5,14,6,4,1
1,8,5,6,6,15,3,1,7,9,1,10,5,1,13,8,0,7,6,0,1
8,10,0,5,10,4,7,3,12,11,0,5,10,4,7,4,2,2,2,3,1
9,11,1,7,2,7,0,8,14,9,2,9,3,3,3,9,0,2,2,2,1
8,7,4,8,1,5,2,4,10,8,0,7,5,2,4,5,0,0,2,2,1
8,7,4,9,4,6,4,3,12,6,0,10,4,7,6,6,2,2,2,4,1
4,3,3,2,3,7,3,8,11,6,1,8,5,2,10,2,0,0,2,1,1
4,8,2,3,2,3,3,8,5,9,1,4,6,0,5,3,4,0,2,0,1
3,10,4,3,1,2,1,4,7,7,2,5,6,1,6,4,4,3,4,1,1
6,7,9,4,4,4,7,2,7,3,2,10,2,6,10,3,2,2,2,3,1
4,8,4,2,2,6,5,3,6,4,1,13,4,4,12,3,1,3,4,1,1
8,4,4,1,3,5,2,5,10,7,0,7,6,1,10,2,1,2,4,0,1
6,5,3,7,5,6,2,8,11,13,0,11,1,3,9,3,0,2,2,1,1
9,7,4,2,4,7,1,4,8,6,3,9,2,1,4,6,1,2,4,0,1
3,7,6,2,2,4,2,6,8,10,1,5,7,2,9,1,1,2,4,4,1
3,5,6,6,10,6,8,7,4,10,2,5,6,4,10,1,0,2,2,0,1
4,6,4,3,6,6,11,3,6,9,1,4,10,4,3,6,1,2,2,1,1
5,12,7,9,10,4,6,4,4,8,1,6,6,3,7,2,1,1,2,2,1
4,2,1,10,3,9,0,6,10,13,1,7,1,1,8,8,0,1,4,1,1
15,13,2,11,4,9,2,7,15,11,1,6,1,3,4,6,1,1,2,2,1
5,13,3,7,10,5,3,1,5,9,1,7,8,4,5,2,3,4,5,2,1
12,11,4,8,13,9,8,4,6,16,2,11,10,2,3,7,0,1,2,1,1
1,9,1,8,5,6,5,6,7,6,1,5,12,3,8,2,1,3,3,2,1
4,9,3,7,6,6,8,4,3,10,3,3,6,3,8,6,2,3,2,2,1
3,9,2,6,3,5,3,5,5,9,1,14,7,3,12,5,1,3,1,1,1
5,7,6,3,5,8,4,3,3,10,1,6,9,3,6,7,1,7,1,2,1
5,6,3,11,6,6,7,1,8,6,1,7,10,5,7,2,0,1,0,1,1
4,11,3,7,3,7,6,4,10,7,1,3,8,3,4,0,1,1,2,4,1
6,10,6,4,5,2,7,2,5,8,2,4,11,2,9,5,0,4,5,4,1
6,7,8,5,4,6,6,4,10,6,1,5,10,5,2,3,2,7,3,3,1
6,7,7,6,7,5,11,4,7,9,2,6,4,3,8,4,1,6,2,2,1
6,8,9,5,2,7,3,2,4,9,3,6,9,2,4,6,4,5,2,5,1
6,6,5,9,5,10,7,3,9,11,2,6,7,3,7,4,0,5,2,4,1
5,8,5,7,5,6,3,5,6,7,2,3,8,4,7,5,0,4,2,2,1
8,7,5,9,10,6,7,1,7,10,1,9,10,3,4,4,0,7,2,1,1
7,5,7,2,6,10,2,2,5,9,0,7,10,2,4,4,5,6,2,2,1
6,4,5,5,4,10,3,4,4,12,1,6,10,1,4,2,0,4,2,2,1
1,6,5,4,1,8,1,5,9,11,1,2,12,6,7,4,1,3,2,3,1
7,7,4,11,3,7,1,2,6,8,1,7,5,3,7,9,2,4,2,1,1
7,7,4,9,5,6,5,3,8,4,2,7,4,10,11,4,1,4,2,2,1
5,7,3,7,5,6,7,6,6,3,2,6,6,4,5,4,1,4,2,2,1
4,6,2,8,7,7,3,5,8,8,3,4,3,1,8,6,1,2,2,1,1
5,2,4,7,4,6,4,5,5,8,1,10,3,3,7,5,4,2,2,2,1
8,5,4,10,8,9,5,2,4,7,1,8,5,5,14,3,4,4,2,2,1
5,5,8,2,6,2,9,8,10,6,1,8,3,3,11,5,1,1,2,0,1
6,7,4,2,3,6,11,1,8,5,1,11,6,3,4,6,2,4,2,3,1
11,4,3,7,1,6,2,3,6,10,2,9,3,4,7,2,1,0,2,2,1
9,7,10,11,2,5,3,4,9,6,2,6,0,9,8,3,4,1,2,6,1
11,12,9,2,1,7,6,3,11,7,1,6,4,4,3,4,0,6,2,6,1
7,4,6,3,4,4,3,6,8,5,2,9,3,2,9,2,0,2,2,4,1
6,4,4,3,3,5,4,5,6,6,2,7,7,5,9,2,0,3,2,5,1
4,9,11,1,1,4,2,3,5,7,2,4,6,6,10,1,0,2,2,2,1
3,7,5,5,5,5,5,3,8,7,5,5,5,1,4,3,1,8,2,2,1
5,6,3,5,6,5,9,6,6,5,1,5,5,5,6,8,3,6,2,2,1
6,5,2,4,6,6,5,3,10,7,1,5,3,4,10,5,3,3,2,6,1
9,6,2,6,4,10,1,2,9,5,1,6,3,4,14,5,1,5,2,4,1
9,8,0,3,2,9,5,6,7,5,3,10,5,1,7,7,0,5,2,2,1
9,8,4,4,3,5,5,4,7,8,2,3,6,5,5,4,3,5,3,2,1
3,9,0,2,8,8,3,3,11,8,3,7,7,1,5,0,1,3,2,3,1
8,3,2,9,4,9,0,2,11,10,2,5,1,0,7,10,1,2,3,4,1
3,1,8,4,6,9,3,5,8,4,2,8,10,0,6,3,1,3,2,0,1
3,8,5,9,14,4,2,3,8,6,1,4,13,1,8,1,0,6,2,2,1
6,9,5,2,5,5,7,4,7,12,1,5,8,5,8,1,1,3,1,6,-1
8,10,4,5,6,9,3,3,6,14,2,8,4,7,12,7,2,3,2,4,-1
11,2,2,10,4,11,4,8,7,13,1,13,2,2,6,4,1,1,1,0,-1
8,5,5,4,7,7,3,5,7,12,2,6,7,4,5,2,0,6,1,2,-1
5,7,2,12,6,13,3,5,9,9,2,3,9,2,5,8,0,4,0,1,-1
4,1,6,7,2,12,5,2,2,11,1,10,3,2,7,1,2,3,0,0,-1
3,14,0,15,4,9,3,3,11,8,0,4,7,7,8,9,1,9,2,3,-1
7,7,2,7,5,9,4,4,8,6,2,3,2,4,3,9,4,4,0,3,-1
5,9,3,4,6,5,6,4,6,7,1,4,9,3,5,4,1,7,0,1,-1
3,3,10,17,6,11,3,3,5,11,4,10,8,2,7,1,1,2,2,0,-1
6,7,6,9,8,6,4,7,6,12,3,13,8,2,6,7,3,2,0,0,-1
13,15,13,12,23,12,12,5,20,19,2,11,19,12,15,10,5,9,4,18,-1
8,4,5,4,5,8,6,3,3,8,2,10,5,4,4,3,4,2,2,3,-1
7,5,4,6,4,13,6,4,9,13,1,10,7,5,10,2,0,3,2,4,-1
5,6,6,4,8,8,5,2,10,11,3,1,3,6,3,6,2,3,2,1,-1
12,9,7,2,5,7,9,6,3,17,3,6,12,5,11,3,1,4,6,2,-1
6,9,3,7,9,10,7,2,11,12,3,9,13,5,11,7,4,7,1,2,-1
9,18,5,7,9,12,7,12,20,17,1,13,7,14,17,12,8,4,4,6,-1
12,11,12,6,11,11,9,7,12,19,4,9,9,8,11,17,2,9,2,3,-1
6,4,10,11,1,13,10,9,14,7,3,8,4,8,19,5,4,2,0,2,-1
8,7,9,10,10,11,5,0,3,14,0,6,6,4,2,2,1,4,1,1,-1
14,13,5,9,11,10,5,4,18,19,0,9,15,9,4,12,0,7,4,3,-1
2,5,5,10,7,5,7,2,4,10,0,9,6,1,4,0,2,2,1,0,-1
7,4,8,4,4,7,6,3,10,3,0,17,7,4,7,0,1,2,0,0,-1
14,9,7,19,12,15,9,5,7,6,2,8,4,5,4,6,3,2,0,1,-1
7,6,7,2,4,4,5,3,5,8,1,6,7,4,4,2,0,2,1,3,-1
6,9,2,13,5,7,4,1,4,12,1,8,8,5,3,2,5,4,1,5,-1
6,9,4,10,6,9,3,0,5,10,0,10,8,6,8,0,2,3,1,2,-1
8,7,7,16,7,14,4,2,6,13,0,7,13,5,2,1,5,3,1,3,-1
4,4,7,7,11,11,4,6,10,10,1,10,11,6,10,1,6,2,3,4,-1
14,4,4,12,8,16,7,3,5,17,2,18,14,10,5,0,2,6,1,5,-1
5,10,10,8,4,7,9,2,6,16,1,9,9,6,4,1,0,1,1,3,-1
11,8,8,18,7,8,12,6,5,10,3,8,10,12,10,3,8,6,2,3,-1
10,9,6,7,3,12,8,8,4,16,1,9,4,6,2,5,1,6,2,3,-1
11,8,7,18,10,20,10,6,15,9,4,12,12,6,4,7,2,9,0,7,-1
6,11,9,12,8,20,9,6,8,17,0,5,12,9,5,2,3,6,0,3,-1
15,5,7,14,13,12,9,7,19,15,3,6,6,6,9,7,6,3,1,2,-1
15,14,7,7,11,10,7,7,15,13,4,13,11,6,6,7,3,11,1,13,-1
14,10,4,7,9,10,11,5,11,9,4,12,5,3,8,12,3,7,1,9,-1
18,8,12,13,11,12,14,8,18,9,5,14,10,7,21,8,1,11,3,6,-1
8,1,12,8,11,16,6,3,9,9,3,10,2,7,5,5,3,4,2,7,-1
18,10,12,19,11,17,9,6,17,21,2,11,1,11,12,6,3,4,2,8,-1
15,3,14,17,15,14,7,6,13,19,1,15,1,8,6,7,3,8,2,7,-1
9,15,5,9,15,15,17,5,14,6,2,15,18,4,9,6,1,16,2,9,-1
16,15,11,14,7,18,15,3,8,13,3,16,14,8,13,10,2,13,2,6,-1
4,4,6,8,3,7,9,6,7,8,3,10,3,5,13,2,6,3,1,8,-1
6,10,5,4,5,11,5,7,17,9,6,6,8,7,8,8,6,4,0,7,-1
10,7,8,4,10,7,4,2,7,9,2,4,7,12,12,11,2,10,6,4,-1
17,9,11,16,15,17,13,15,16,21,5,19,9,13,22,5,3,9,0,4,-1
5,8,17,11,15,9,10,7,10,20,4,19,7,12,31,6,2,8,0,3,-1
7,8,19,12,12,26,8,4,10,11,8,19,14,13,15,2,3,17,2,4,-1
14,14,18,14,14,18,8,14,12,20,11,22,21,10,19,12,5,15,2,8,-1
16,10,21,20,18,23,19,15,9,11,13,23,11,9,14,10,6,15,2,5,-1
10,9,5,7,7,14,5,6,12,15,1,2,3,8,10,13,0,1,1,6,-1
12,8,14,12,5,9,12,3,11,10,1,5,7,10,12,8,1,6,0,4,-1
3,7,11,8,8,9,6,5,10,11,1,11,5,11,8,8,3,4,0,5,-1
9,8,7,14,11,15,14,7,16,14,1,14,9,8,14,9,3,7,3,6,-1
6,8,11,13,9,22,16,10,12,15,2,10,8,6,11,9,1,7,0,4,-1
12,15,2,24,12,12,3,6,24,27,2,17,7,7,14,13,4,6,4,7,-1
11,7,8,8,16,20,6,10,11,18,7,16,11,15,14,15,5,11,1,6,-1
13,14,11,12,25,17,13,4,22,13,5,14,26,16,13,6,5,10,3,7,-1
14,10,5,17,18,18,10,5,17,9,4,7,12,14,15,17,8,10,4,9,-1
13,9,8,14,12,20,10,16,23,10,5,12,2,6,23,24,2,10,0,3,-1
5,12,27,11,17,12,26,4,23,15,5,11,17,9,25,7,5,9,3,4,-1
11,15,13,22,16,17,13,9,27,17,6,9,12,5,18,14,6,7,4,9,-1
2,11,13,15,12,16,12,19,16,15,4,13,9,6,15,6,1,6,0,6,-1
12,11,10,16,8,26,7,9,19,20,4,17,9,6,18,10,3,9,2,8,-1
24,30,22,20,18,47,14,10,25,23,7,28,23,15,18,17,11,19,18,10,-1
7,8,22,8,8,24,12,8,9,14,7,16,9,7,16,8,5,13,1,4,-1
14,6,13,19,13,24,9,8,7,22,8,23,1,10,22,9,2,7,4,1,-1
9,8,15,11,17,24,12,8,14,9,12,15,5,9,13,16,3,16,5,3,-1
13,12,19,37,25,47,15,8,13,12,3,30,5,8,28,6,7,21,6,4,-1
3,8,6,10,8,7,10,8,14,11,1,9,14,3,9,8,1,2,0,2,-1
6,8,1,6,3,9,1,4,17,14,1,2,4,2,3,9,1,0,0,2,-1
4,10,6,10,12,10,7,8,17,7,1,8,7,7,6,14,3,2,1,3,-1
4,7,1,3,1,7,6,3,6,7,0,2,1,4,0,3,3,3,1,2,-1
2,6,0,4,0,10,1,2,13,5,0,2,4,5,1,2,1,2,0,2,-1
6,9,7,9,4,27,4,14,8,13,4,9,6,1,6,9,4,4,0,1,-1
8,21,14,21,13,25,8,9,19,21,5,10,9,1,6,23,8,7,0,3,-1
5,7,8,6,3,8,11,6,14,10,0,6,5,2,8,6,5,1,2,1,-1
3,6,5,10,14,11,10,3,9,9,2,7,9,5,13,7,1,3,1,0,-1
6,8,6,8,8,3,12,4,8,16,1,11,7,4,8,4,5,2,1,5,-1
6,13,12,7,10,8,15,8,14,7,0,6,15,17,13,12,6,11,5,2,-1
1,7,4,9,8,3,8,7,13,12,0,8,14,4,12,4,1,5,0,4,-1
7,13,16,18,13,9,10,8,16,19,1,12,22,18,14,7,0,7,1,5,-1
8,6,3,13,10,7,7,3,16,8,2,9,10,3,16,7,0,1,2,2,-1
11,10,5,9,7,5,7,4,15,16,1,4,11,8,12,5,1,2,2,3,-1
13,11,7,10,10,11,12,6,13,16,1,6,12,3,9,8,6,2,5,3,-1
3,11,2,9,6,9,9,1,14,12,0,3,11,2,7,5,1,2,0,0,-1
1,8,4,3,1,10,3,5,2,8,1,2,5,6,2,2,1,1,0,1,-1
3,8,0,3,3,6,8,0,5,8,2,6,10,1,2,4,1,2,0,0,-1
4,13,0,6,6,9,10,3,9,10,1,2,10,2,5,7,3,5,0,1,-1
3,10,2,2,5,8,10,9,9,9,4,3,8,0,1,13,2,2,2,0,-1
4,18,9,8,12,6,14,3,16,17,1,4,13,6,14,17,3,9,3,3,-1
4,4,4,2,7,7,6,1,11,10,0,5,8,4,5,13,2,6,1,2,-1
2,7,0,4,4,4,8,3,4,7,1,2,6,1,2,4,3,3,0,0,-1
1,3,2,3,6,6,2,5,5,11,1,2,4,2,6,5,4,1,0,2,-1
5,8,0,10,9,11,5,3,4,10,0,3,2,2,3,11,0,1,0,3,-1
5,7,1,2,4,6,5,4,10,13,0,3,15,2,7,11,2,5,0,2,-1
5,10,0,3,2,5,1,3,4,6,0,5,2,4,1,3,4,5,0,0,-1
4,9,4,10,3,8,8,2,6,4,0,3,6,4,4,6,0,4,0,2,-1
3,3,3,4,4,4,3,4,5,7,0,4,4,2,4,4,0,1,0,1,-1
2,6,7,2,9,8,10,2,8,3,1,7,6,4,3,3,1,4,1,2,-1
5,10,6,7,6,12,7,3,8,6,3,7,3,6,7,4,3,3,2,1,-1
4,12,1,2,3,8,6,1,8,14,1,5,4,2,3,9,0,1,0,2,-1
6,4,5,5,3,5,4,6,4,5,0,4,4,7,4,4,2,3,1,2,-1
12,18,8,17,13,17,7,3,10,17,2,10,23,8,7,5,5,10,3,2,-1
5,8,10,12,13,6,6,6,16,9,1,9,5,5,12,9,2,9,2,0,-1
4,4,13,24,2,32,8,9,10,19,2,18,2,6,20,12,2,4,6,1,-1
10,19,21,8,13,25,17,6,17,17,1,12,22,9,17,9,1,11,0,7,-1
6,4,19,18,9,25,15,7,5,16,1,24,9,6,21,7,5,14,2,2,-1
14,13,12,16,15,24,22,5,13,23,2,13,15,14,10,3,1,9,1,3,-1
9,5,19,17,12,24,22,9,21,15,0,15,5,5,11,12,4,4,0,4,-1
9,1,12,24,7,34,13,5,13,17,3,15,3,5,38,9,1,7,6,2,-1
12,6,10,20,18,27,18,6,13,23,4,22,1,8,14,4,3,7,6,4,-1
7,4,17,17,7,25,10,15,18,27,7,19,3,3,22,12,2,11,8,6,-1
15,6,12,15,9,27,7,12,20,17,2,13,1,12,15,22,3,2,8,3,-1
14,10,7,13,12,25,11,12,28,24,7,16,8,7,16,15,4,7,9,9,-1
17,21,8,15,19,21,16,15,23,25,4,14,29,10,16,14,2,10,10,9,-1
6,19,7,13,11,22,13,9,13,16,4,20,17,12,11,14,5,8,9,5,-1
9,15,9,13,15,20,11,6,28,19,8,11,13,5,17,12,6,6,7,10,-1
11,11,9,10,10,26,17,5,20,20,5,9,13,3,13,13,5,11,9,8,-1
7,11,5,13,9,19,6,2,10,13,3,12,11,6,10,8,5,4,0,6,-1
11,14,4,12,9,25,11,5,9,16,5,9,17,3,11,5,2,5,1,3,-1
8,9,14,5,11,20,14,4,16,14,0,11,11,6,9,8,3,11,3,3,-1
6,7,7,4,9,12,12,3,10,8,1,7,5,4,9,4,2,12,7,10,-1
14,22,21,27,30,31,14,22,25,25,14,22,27,19,24,16,5,23,0,12,-1
14,21,17,25,30,34,22,7,23,23,21,14,17,19,16,12,4,29,3,10,-1
11,12,37,29,35,35,18,15,30,21,8,34,22,22,22,12,8,25,0,11,-1
16,10,23,31,37,29,22,16,26,22,9,29,14,14,25,8,7,29,7,7,-1
20,30,11,31,30,24,18,13,33,19,10,19,14,30,14,31,8,15,2,10,-1
17,50,40,18,49,29,57,19,61,34,8,27,61,34,45,32,17,40,2,13,-1
16,26,22,25,31,33,14,11,38,19,17,16,13,23,14,26,10,22,0,20,-1
19,10,23,29,34,42,14,18,15,20,18,9,10,17,19,23,6,17,4,10,-1
16,28,14,15,31,30,22,8,32,26,13,12,24,31,23,22,11,18,2,13,-1
27,24,31,48,46,37,27,29,53,28,14,20,14,28,33,35,13,25,6,16,-1
8,14,22,23,19,27,12,11,15,11,11,13,12,8,23,12,10,12,6,4,-1
30,34,7,45,18,29,6,12,36,23,15,15,7,22,12,38,7,16,6,15,-1
30,28,30,31,32,39,27,22,48,32,11,17,29,20,24,19,11,24,6,11,-1
21,23,22,28,29,20,26,19,23,27,9,12,36,15,11,14,7,20,0,9,-1
14,13,41,23,25,28,29,12,18,26,11,18,21,18,24,13,13,19,7,7,-1
16,19,34,21,25,35,18,25,32,27,20,19,14,21,20,13,2,18,4,11,-1
21,7,24,21,26,33,19,20,30,23,18,22,9,12,26,13,5,19,4,6,-1
11,25,20,24,25,25,21,12,16,21,11,11,10,10,22,8,7,13,0,8,-1
10,17,22,26,19,32,18,11,19,22,9,18,7,9,21,10,5,14,2,11,-1
15,32,26,37,26,29,18,18,26,25,16,23,19,16,21,17,16,22,0,8,-1
22,19,22,34,27,29,18,20,23,34,13,24,14,18,15,21,4,18,0,6,-1
21,14,17,17,20,23,12,15,25,18,10,12,9,8,12,19,10,12,5,13,-1
13,8,25,35,17,21,17,18,22,26,8,22,14,9,20,10,3,9,2,4,-1
23,14,15,30,19,24,16,13,41,18,11,21,16,20,22,13,6,14,3,15,-1
17,26,20,30,23,26,25,8,26,28,11,14,21,9,15,17,11,21,6,13,-1
22,27,13,17,24,33,10,5,30,21,17,17,28,17,11,15,4,29,1,9,-1
20,37,22,33,40,38,28,10,28,28,10,20,34,25,15,14,8,37,2,19,-1
26,30,30,28,32,40,22,9,37,31,17,19,23,23,31,32,11,34,1,13,-1
17,21,17,10,22,17,24,9,22,19,4,17,23,17,20,8,1,11,1,9,-1
14,7,28,27,17,18,10,9,26,19,1,19,18,13,22,8,6,18,1,4,-1
10,8,19,32,19,25,9,13,20,24,2,16,9,10,17,11,2,16,0,3,-1
17,11,22,41,24,26,18,18,30,21,7,21,15,18,18,14,8,19,2,6,-1
18,9,28,46,27,30,20,10,24,20,11,23,23,10,18,7,2,15,2,4,-1
10,13,15,28,19,22,6,22,33,15,7,20,19,16,16,10,6,12,3,4,-1
7,2,16,26,11,23,8,5,6,12,11,20,6,9,22,12,4,10,2,5,-1
14,10,11,29,11,14,8,9,14,22,7,9,7,9,6,16,0,12,4,1,-1
23,19,4,42,29,33,10,8,28,29,12,20,15,8,17,19,5,24,2,9,-1
34,27,26,54,32,42,22,31,41,33,19,25,19,28,29,37,15,28,1,18,-1
17,23,17,19,18,20,12,15,29,20,10,13,21,15,14,25,8,17,4,4,-1
5,9,5,24,8,17,11,5,17,17,0,10,10,3,10,7,4,5,1,2,-1
8,12,4,23,6,19,11,4,14,20,1,6,15,6,5,3,3,4,2,2,-1
8,9,2,22,8,19,5,7,18,20,2,11,6,5,9,11,6,4,3,2,-1
8,8,4,20,6,24,15,8,21,17,1,10,11,4,10,2,0,1,3,1,-1
6,12,2,19,3,19,12,5,17,20,1,12,9,2,11,7,4,2,5,3,-1
2,12,5,18,5,19,9,9,21,14,3,11,11,6,13,10,1,7,2,1,-1
4,10,3,23,11,19,9,6,24,18,1,7,7,4,13,10,3,6,1,4,-1
7,9,3,11,8,19,15,2,18,11,1,6,14,3,17,5,7,6,3,3,-1
14,22,15,29,16,37,15,15,34,26,4,16,18,12,16,17,9,16,7,8,-1
13,15,11,30,23,37,13,7,35,28,6,16,6,7,19,27,1,13,4,11,-1
14,19,15,30,16,20,18,15,30,24,4,14,12,10,17,19,9,12,3,14,-1
8,23,19,24,20,28,17,9,24,20,3,14,18,21,16,10,7,19,2,5,-1
7,12,26,19,24,27,22,12,29,21,5,20,19,18,26,13,8,16,8,6,-1
12,26,17,25,22,30,21,12,34,32,4,26,25,18,25,18,8,16,7,15,-1
10,10,11,23,13,20,10,3,24,30,1,14,14,9,21,12,9,2,2,4,-1
15,12,12,42,13,22,10,4,26,25,2,20,8,6,20,16,5,11,7,8,-1
14,18,5,27,13,23,4,7,41,30,1,16,8,13,18,22,6,6,6,7,-1
7,18,8,30,11,36,12,5,18,27,3,20,8,4,15,14,8,7,0,2,-1
7,15,10,30,9,25,13,10,29,20,2,9,10,5,24,13,11,5,2,4,-1
11,15,11,34,16,36,14,3,30,25,1,10,11,11,16,13,4,8,2,5,-1
10,23,14,26,11,24,20,3,16,24,3,13,19,8,20,6,10,8,0,3,-1
10,12,10,37,14,28,18,9,14,28,2,12,16,7,14,8,3,7,3,3,-1
6,9,15,30,12,22,19,14,16,25,3,19,14,11,20,7,4,7,3,4,-1
3,15,14,35,10,29,20,5,18,18,1,14,10,7,14,15,10,3,0,2,-1
15,14,14,39,16,26,22,5,26,20,3,12,14,11,29,13,5,10,1,2,-1
7,14,10,36,14,25,16,5,21,20,1,9,11,12,20,12,9,7,4,5,-1
8,16,10,29,10,35,16,9,17,23,3,9,16,10,16,11,6,5,6,4,-1
14,21,6,39,7,26,6,6,31,26,2,7,6,6,7,22,3,4,0,2,-1
17,21,7,28,8,18,11,10,20,17,4,15,14,13,17,7,5,10,3,7,-1
13,13,21,33,24,27,17,12,32,25,4,15,15,15,23,19,6,18,4,5,-1
8,24,10,26,9,24,12,4,21,25,3,13,15,11,14,15,4,9,3,1,-1
5,5,12,18,12,20,12,1,9,17,2,14,11,4,8,8,3,5,1,6,-1
5,6,5,12,12,16,11,9,13,9,3,8,3,7,7,10,6,3,1,0,-1
6,4,8,24,8,11,10,2,19,16,2,14,13,7,15,2,1,4,0,2,-1
8,5,7,21,17,10,8,8,12,16,0,11,6,8,8,11,5,3,2,4,-1
7,7,5,13,9,13,5,2,18,18,1,12,3,6,5,6,3,0,0,3,-1
15,11,7,32,23,17,19,6,12,32,1,8,14,10,13,8,2,9,2,2,-1
12,31,10,31,11,24,19,1,27,19,3,9,23,14,18,10,7,10,1,7,-1
6,10,6,6,5,7,13,2,11,13,0,5,8,9,13,7,3,5,1,2,-1
3,0,2,2,1,1,1,0,1,2,1,2,2,1,1,2,2,0,1,1,-1
2,14,3,15,11,10,10,10,23,15,1,2,10,7,14,11,3,3,3,5,-1
4,13,8,20,20,12,11,7,16,8,0,11,13,15,7,9,4,11,1,5,-1
6,6,4,23,8,10,7,7,17,17,5,7,7,6,12,12,2,1,5,4,-1
7,7,4,22,9,8,10,12,20,13,2,11,7,5,5,5,3,6,4,7,-1
8,13,5,24,9,16,8,5,20,17,4,5,10,9,4,15,2,4,1,2,-1
10,10,9,18,14,19,14,9,22,12,1,10,13,8,7,2,6,9,0,6,-1
11,10,11,18,8,18,11,3,26,13,1,9,9,5,13,5,5,4,2,6,-1
10,14,2,27,6,19,11,3,10,22,0,14,15,5,4,7,8,3,1,2,-1
4,6,4,14,11,6,6,3,13,9,2,7,2,6,4,8,3,0,4,1,-1
8,4,6,19,7,15,10,4,15,17,0,8,12,3,7,3,2,2,2,1,-1
10,5,8,25,9,11,9,7,15,11,0,7,10,5,4,6,9,2,2,1,-1
3,4,9,19,12,14,13,7,10,17,1,7,7,7,6,2,2,1,0,5,-1
7,2,12,10,10,15,13,3,12,18,1,7,14,3,7,1,6,2,2,5,-1
3,10,6,12,11,10,15,1,11,13,0,8,13,4,9,8,5,4,1,1,-1
9,12,5,16,12,14,14,3,13,10,1,7,10,7,7,10,6,7,2,2,-1
6,7,5,23,12,21,14,5,11,18,0,9,13,5,9,6,3,6,3,6,-1
6,8,8,15,15,22,14,4,16,14,2,4,13,6,7,8,5,2,4,3,-1
8,9,4,21,10,18,14,1,12,14,0,6,13,2,12,2,9,3,1,2,-1
6,12,6,20,9,10,12,5,14,21,0,18,21,9,14,4,3,0,2,6,-1
8,13,11,14,9,7,21,6,20,15,0,10,18,6,18,5,3,9,1,2,-1
8,10,5,29,8,20,18,7,18,12,2,8,7,4,10,6,2,4,2,4,-1
8,5,8,13,10,13,11,11,23,13,4,15,4,2,8,4,3,3,3,6,-1
9,12,10,22,8,16,11,4,15,22,0,7,15,4,9,6,8,3,1,4,-1
6,20,13,26,14,21,18,5,15,22,5,12,20,6,7,8,5,12,1,3,-1
9,10,12,36,14,22,14,6,15,22,0,6,16,6,13,11,3,10,3,2,-1
11,10,7,14,10,17,11,2,12,19,2,11,12,3,6,7,5,2,5,4,-1
4,13,5,37,8,25,8,4,16,16,1,7,17,6,9,6,2,3,2,2,-1
4,10,8,26,6,11,13,8,11,15,0,6,13,8,7,5,4,9,0,3,-1
5,17,12,20,11,14,22,1,13,16,1,6,19,4,1,5,6,4,0,0,-1
18,23,11,35,11,19,22,11,27,20,3,16,17,12,18,9,5,11,3,3,-1
4,5,14,10,16,7,14,6,19,13,0,3,9,3,14,6,4,0,2,4,-1
1,12,4,12,11,9,20,0,11,10,0,5,12,1,8,4,3,6,2,1,-1
9,9,4,13,6,14,7,2,16,15,1,2,5,7,3,9,1,1,1,1,-1
12,12,2,12,7,8,4,5,19,12,1,1,6,5,5,12,3,4,1,5,-1
9,10,7,9,10,13,8,2,13,10,3,11,6,4,8,11,6,5,2,9,-1
12,15,6,21,19,20,13,5,21,25,1,7,7,5,8,21,2,3,1,4,-1
14,19,18,28,20,44,13,12,33,35,6,24,18,11,19,21,8,18,3,3,-1
15,17,17,23,22,37,16,10,32,34,3,26,11,12,32,14,2,17,2,9,-1
8,24,3,28,16,30,16,13,34,18,3,15,7,7,11,30,6,12,4,7,-1
7,21,9,30,17,27,15,7,23,18,4,7,15,16,16,12,9,10,2,11,-1
15,20,16,25,25,29,17,13,26,35,4,15,19,11,21,16,9,22,2,7,-1
24,29,15,22,16,32,22,12,37,33,9,28,18,10,15,25,13,13,4,10,-1
16,22,17,24,21,32,20,11,41,22,4,12,29,16,42,16,7,7,6,8,-1
2,2,1,1,6,2,2,2,3,3,0,2,3,2,6,4,1,3,0,2,-1
9,17,12,32,19,30,18,7,24,28,6,21,6,4,21,18,4,8,7,14,-1
3,17,11,38,18,40,20,12,24,24,5,25,22,9,16,15,11,9,8,9,-1
15,29,9,42,17,34,18,7,27,26,6,18,26,16,12,16,10,21,3,4,-1
5,9,2,8,5,12,9,3,14,13,1,7,6,4,13,4,6,1,2,1,-1
9,13,13,29,15,23,11,6,19,23,4,15,13,6,12,9,4,7,2,7,-1
8,15,10,17,11,27,16,6,21,17,4,16,22,5,8,10,4,10,4,4,-1
8,12,10,20,10,21,13,7,17,7,1,18,6,5,7,7,5,7,2,7,-1
3,5,6,12,8,16,9,2,9,14,2,2,8,7,11,8,2,3,2,1,-1
4,10,3,10,4,15,11,2,14,12,1,6,13,4,11,11,3,1,1,1,-1
4,8,6,8,9,15,9,5,11,14,1,5,8,3,4,6,2,3,2,3,-1
3,10,6,11,11,10,10,3,8,17,1,8,10,2,1,5,2,5,0,0,-1
8,7,10,24,11,17,13,9,21,15,2,8,4,2,8,12,2,5,3,4,-1
6,9,2,12,3,16,5,3,19,12,0,3,5,0,6,5,1,4,1,3,-1
4,8,2,13,8,13,6,7,12,18,1,6,11,4,3,2,1,0,0,0,-1
7,9,4,9,9,13,8,4,11,14,1,6,8,3,4,6,5,4,0,0,-1
14,17,15,25,14,28,15,7,22,20,4,8,13,10,9,13,7,9,5,6,-1
7,10,5,21,12,24,17,4,10,17,1,9,15,2,10,5,1,8,3,5,-1
11,24,11,27,14,26,15,6,23,25,9,19,8,14,16,19,5,16,3,7,-1
7,8,19,8,17,10,17,9,39,10,1,13,21,5,18,2,0,3,0,3,-1
36,37,37,17,17,7,12,11,75,12,2,8,13,8,32,11,2,9,3,4,-1
18,6,14,31,15,18,6,15,52,12,4,10,3,11,15,25,1,5,10,13,-1
6,8,8,11,4,3,3,9,32,9,0,3,1,0,8,8,1,0,5,5,-1
6,11,10,9,12,6,10,7,28,11,0,8,13,5,4,12,1,6,2,1,-1
1,17,15,6,11,12,12,8,19,10,2,9,14,6,12,9,4,5,4,3,-1
7,7,14,5,7,15,12,3,18,8,3,11,8,8,14,13,2,4,4,6,-1
8,11,5,9,9,18,10,7,27,5,2,5,2,8,13,12,1,3,3,8,-1
9,19,6,16,10,16,11,10,13,19,3,11,4,10,11,13,7,6,5,6,-1
10,12,9,10,11,16,27,3,16,15,0,5,10,6,12,11,2,12,1,7,-1
8,22,8,4,8,20,13,2,19,19,1,4,10,11,12,17,5,8,3,6,-1
14,19,19,12,8,19,17,6,19,14,2,4,19,15,20,5,3,9,2,6,-1
7,31,4,9,10,17,11,5,27,16,4,6,20,14,8,17,6,11,1,6,-1
17,23,4,24,9,26,12,5,27,21,2,7,12,9,8,21,6,8,1,8,-1
21,18,0,25,4,18,3,6,33,17,5,3,6,8,9,12,0,9,0,0,-1
9,15,6,23,8,18,10,4,18,19,0,8,16,3,9,7,4,3,3,3,-1
19,15,12,32,19,21,14,7,27,12,3,11,18,15,15,7,7,12,2,11,-1
6,7,4,26,14,11,13,1,16,12,1,6,12,3,6,6,4,4,1,3,-1
14,28,5,15,12,20,16,2,14,25,7,11,13,13,5,14,4,7,3,12,-1
9,16,6,16,15,17,12,3,23,19,2,5,14,8,7,9,5,3,1,7,-1
14,26,8,31,21,18,14,12,27,23,6,13,21,13,21,17,10,14,4,11,-1
12,15,14,20,16,21,21,16,37,14,3,15,12,13,25,14,2,14,3,9,-1
5,12,6,19,9,14,11,4,16,14,2,8,17,7,4,7,2,9,1,1,-1
7,16,6,26,10,12,5,20,35,17,6,12,1,6,12,20,2,3,4,7,-1
7,9,5,25,9,11,12,6,18,16,1,16,15,5,17,4,0,3,6,3,-1
10,10,8,17,13,16,8,5,15,32,0,5,10,6,22,6,0,6,0,3,-1
8,24,7,30,22,16,21,10,16,26,3,8,15,5,17,14,10,6,2,1,-1
3,6,3,7,15,6,11,6,18,13,1,6,9,2,15,4,6,4,0,5,-1
5,8,5,24,12,10,9,2,13,17,0,7,8,0,10,8,1,4,0,4,-1
9,17,8,11,10,8,15,7,17,9,0,13,10,6,5,10,4,8,1,10,-1
6,12,15,17,22,15,17,6,21,18,3,15,17,13,11,10,7,11,2,3,-1
7,27,13,9,11,9,13,13,27,12,7,13,16,11,15,11,5,12,5,5,-1
6,22,5,24,15,14,19,11,18,18,0,14,16,5,10,11,5,6,0,4,-1
27,11,6,39,18,28,17,13,39,20,4,26,3,7,14,22,12,11,4,9,-1
22,17,17,24,11,19,20,11,44,20,6,21,14,13,23,14,11,7,8,9,-1
7,14,10,11,11,12,7,8,15,23,1,15,11,3,13,12,11,3,1,2,-1
10,10,8,20,13,15,13,10,19,8,2,10,16,4,4,6,6,2,1,3,-1
6,17,4,21,12,13,6,9,27,15,4,8,16,9,14,14,2,3,3,6,-1
5,11,3,43,12,22,6,8,21,16,4,6,4,4,9,20,2,7,1,4,-1
9,26,3,21,5,13,6,1,32,15,3,6,9,4,8,23,3,1,0,3,-1
6,11,6,7,8,12,11,2,8,10,4,9,17,5,9,10,5,9,1,2,-1
5,21,7,11,9,13,10,9,15,14,1,11,10,4,6,15,3,3,0,2,-1
7,8,3,23,9,19,7,2,17,17,0,10,5,2,7,21,2,3,0,3,-1
5,15,1,26,11,22,11,4,10,20,5,5,4,5,9,11,6,2,3,3,-1
15,25,16,13,12,14,17,16,25,17,0,24,23,8,15,11,7,10,0,5,-1
4,7,5,3,9,10,10,8,15,9,1,4,6,9,14,3,0,3,0,2,-1
15,30,12,9,15,9,16,8,17,19,7,10,29,18,15,16,16,17,5,5,-1
17,37,11,13,11,19,19,6,35,18,7,15,26,20,28,11,3,9,7,8,-1
22,28,19,20,23,15,12,7,40,14,5,14,25,19,12,19,14,23,3,8,-1
16,13,4,15,17,21,17,8,26,13,4,19,19,16,15,24,5,8,2,9,-1
16,20,14,18,19,13,19,11,38,23,5,16,17,13,20,19,6,12,0,9,-1
4,16,5,8,16,7,12,11,19,12,5,12,11,12,8,16,4,10,3,7,-1
7,17,12,11,14,11,14,7,13,20,0,11,11,12,11,17,6,12,4,3,-1
15,9,6,13,12,12,10,5,18,16,2,13,13,5,9,7,2,8,6,2,-1
3,11,10,20,8,8,9,10,14,12,2,9,13,10,12,6,4,5,2,2,-1
3,11,10,11,11,11,10,6,20,11,4,11,7,5,5,10,5,5,1,3,-1
11,12,15,19,19,18,22,7,28,22,3,12,18,9,22,10,3,4,1,2,-1
2,17,9,11,13,9,16,5,14,11,2,15,20,14,9,5,5,6,6,6,-1
8,19,8,18,12,23,22,6,12,18,6,18,26,9,11,8,3,5,2,5,-1
9,22,10,28,27,19,20,10,32,35,3,24,28,17,18,18,10,5,1,5,-1
10,16,8,19,8,14,22,6,13,12,1,14,9,5,7,11,5,3,5,7,-1
6,14,5,18,12,16,16,3,16,13,2,11,5,2,7,15,5,0,0,6,-1
7,10,7,13,16,9,13,3,11,21,2,12,13,8,10,18,4,8,0,1,-1
15,26,16,22,16,17,24,6,25,23,4,17,27,11,13,14,5,10,2,3,-1
6,10,7,17,12,12,6,11,24,15,3,9,15,6,13,12,5,3,0,2,-1
12,23,12,18,16,19,28,10,28,15,3,12,24,8,11,20,6,4,1,3,-1
17,13,14,13,23,19,31,14,33,23,1,19,23,8,21,15,8,6,0,5,-1
7,26,11,9,12,16,12,4,24,20,0,13,20,9,11,8,6,10,3,4,-1
23,49,47,53,38,40,50,38,68,42,3,30,54,43,43,36,9,25,6,15,-1
8,24,19,15,20,20,22,11,22,25,0,20,25,11,31,14,7,14,8,7,-1
11,31,24,18,16,16,22,19,37,19,2,24,18,13,35,22,13,10,8,10,-1
7,25,18,22,23,20,21,16,33,26,2,20,32,10,39,19,9,12,3,7,-1
17,29,13,32,31,46,20,10,44,39,4,33,22,12,16,28,9,16,4,6,-1
9,24,8,20,13,32,20,11,24,19,0,13,16,5,13,12,10,12,6,2,-1
11,19,1,22,11,23,5,5,32,18,1,9,12,4,6,19,4,4,0,1,-1
17,15,10,36,14,20,18,19,38,19,2,22,9,10,20,13,3,5,3,3,-1
5,14,13,17,18,16,17,11,27,15,0,16,8,10,6,10,3,4,5,7,-1
14,27,5,15,11,24,16,9,29,31,0,19,10,9,13,21,2,10,0,7,-1
4,23,9,15,17,29,17,8,30,17,3,15,16,9,22,18,10,5,4,6,-1
21,30,13,35,26,37,16,9,50,28,8,27,24,18,28,38,9,8,1,6,-1
16,30,10,26,28,29,28,13,48,28,0,24,20,9,27,34,11,4,4,12,-1
14,11,7,28,18,28,25,12,24,22,0,14,16,6,18,21,5,12,2,2,-1
11,26,13,24,14,18,21,7,30,20,1,18,20,9,12,20,13,4,1,7,-1
6,10,6,16,8,16,8,5,13,15,3,13,6,5,2,9,5,3,2,6,-1
4,17,11,19,13,18,24,8,16,12,2,13,11,14,23,18,7,5,3,4,-1
9,19,9,15,11,22,14,17,31,23,1,7,17,9,16,15,7,3,1,12,-1
11,27,13,11,10,22,27,4,27,18,1,11,21,11,9,7,8,9,1,6,-1
4,23,11,11,13,23,18,12,30,16,2,17,17,16,29,13,7,9,5,5,-1
12,13,12,19,15,16,17,7,27,28,1,7,17,10,13,15,6,3,0,4,-1
7,14,14,15,13,19,28,11,24,17,1,7,14,5,17,16,4,8,1,6,-1
13,25,14,18,14,28,21,6,32,24,1,9,21,18,27,20,5,8,0,4,-1
10,19,4,33,7,18,7,5,29,20,0,12,6,9,9,17,6,6,0,7,-1
7,16,15,28,18,20,19,17,42,17,3,16,19,11,15,21,3,9,4,6,-1
7,14,22,17,10,12,26,4,22,9,0,8,21,8,6,7,6,7,1,1,-1
14,14,3,15,10,10,21,12,18,13,0,18,16,11,3,11,8,4,2,6,-1
9,14,10,19,13,14,10,13,16,11,1,4,9,9,6,18,7,8,6,3,-1
11,22,8,19,11,17,20,12,27,17,0,13,24,13,10,15,9,7,0,9,-1
3,15,9,7,10,8,14,7,14,12,0,11,9,7,11,12,2,8,2,1,-1
30,46,7,28,17,29,17,10,47,34,1,19,15,20,15,39,4,24,1,5,-1
6,23,16,20,17,18,16,7,27,18,0,24,17,12,10,14,13,11,0,4,-1
4,12,10,10,14,7,13,12,16,13,0,5,8,11,7,14,3,6,1,2,-1
13,12,3,29,8,15,2,10,32,9,5,12,7,4,8,14,4,8,5,7,-1
5,8,10,17,6,6,5,12,27,5,2,7,2,5,7,7,2,2,2,3,-1
3,21,13,9,11,14,17,6,29,13,0,8,22,12,9,11,2,9,0,4,-1
8,33,7,16,7,19,19,2,28,18,1,5,24,15,15,16,1,8,3,2,-1
13,17,7,16,15,14,18,11,33,16,2,12,22,8,14,10,8,5,3,2,-1
13,20,6,28,17,28,16,8,20,24,0,9,15,13,6,18,10,1,2,2,-1
12,31,12,25,22,21,36,21,46,23,1,16,33,11,21,12,5,7,3,6,-1
10,22,14,22,23,25,16,15,35,27,2,17,22,13,14,16,9,4,0,9,-1
21,28,8,35,25,25,14,4,44,32,2,15,9,7,16,32,4,4,4,4,-1
9,16,14,20,16,18,16,13,13,22,8,18,24,14,16,8,6,7,4,5,-1
12,15,16,15,14,8,20,10,33,14,1,10,17,4,25,15,8,6,5,4,-1
9,2,2,19,6,16,8,4,9,11,0,15,5,3,10,3,1,6,3,4,-1
5,13,6,49,8,15,13,5,25,12,2,13,23,18,11,13,4,6,4,5,-1
9,16,14,13,20,22,20,9,23,13,6,9,21,21,17,17,9,12,4,7,-1
5,10,4,11,6,6,6,3,10,12,2,6,14,4,2,2,3,3,3,0,-1
6,6,4,8,6,5,11,3,6,11,2,5,8,5,6,9,5,3,3,1,-1
4,8,3,13,7,4,5,5,11,10,3,7,12,7,6,1,3,0,3,2,-1
3,6,2,7,8,6,5,8,4,7,1,4,6,4,2,4,1,4,2,1,-1
3,4,0,4,4,8,7,4,5,6,0,4,6,4,6,2,0,1,2,4,-1
7,11,4,9,2,3,7,1,3,11,0,3,7,2,2,2,6,2,2,1,-1
5,6,5,14,10,5,2,12,15,10,1,10,7,7,2,3,2,2,2,4,-1
5,3,0,14,10,3,1,3,10,4,2,1,0,4,2,7,1,2,2,1,-1
3,11,5,11,10,6,6,5,9,9,0,6,8,10,8,1,0,1,0,1,-1
6,10,5,10,6,5,8,4,8,10,1,4,8,4,2,4,5,4,2,1,-1
3,8,6,6,6,8,6,5,7,9,0,7,4,5,3,4,3,2,2,2,-1
5,20,5,7,5,2,8,1,6,5,0,3,10,10,4,3,1,4,0,3,-1
7,12,7,17,12,13,5,14,12,21,2,9,16,11,8,3,6,8,2,3,-1
15,15,5,17,7,15,8,9,29,14,5,11,17,8,12,9,11,7,2,5,-1
2,7,4,8,4,4,4,3,8,4,1,2,7,4,3,5,4,4,0,1,-1
3,4,2,3,4,5,6,4,14,4,0,3,8,4,7,2,1,3,1,1,-1
4,5,2,8,4,4,2,1,7,4,1,4,3,4,3,5,6,3,2,3,-1
5,3,3,5,8,4,6,1,9,6,1,1,7,3,5,3,2,6,1,1,-1
6,9,2,5,5,5,3,2,13,6,1,1,4,4,5,6,1,2,1,3,-1
4,3,2,6,8,6,2,2,12,6,0,4,6,3,5,3,3,3,1,1,-1
6,6,8,6,3,7,5,1,12,6,1,3,3,6,6,3,1,4,0,5,-1
6,7,3,3,3,7,2,3,10,9,1,9,6,6,2,3,1,1,3,1,-1
6,8,3,6,10,10,3,4,13,11,1,4,13,7,8,3,2,9,0,1,-1
5,9,8,5,12,7,10,3,8,14,3,6,9,6,5,6,8,7,2,4,-1
6,7,4,5,5,4,8,3,16,7,0,5,8,1,3,4,0,4,0,0,-1
11,9,9,16,9,9,8,12,16,12,5,8,14,3,9,4,6,6,2,1,-1
10,13,2,12,10,11,4,4,10,12,4,6,11,13,8,5,1,4,2,2,-1
9,10,6,16,8,19,6,4,17,18,1,7,13,9,7,5,1,0,3,2,-1
8,15,5,19,14,13,12,5,11,13,3,14,14,11,10,6,2,5,1,5,-1
6,11,12,19,7,11,11,8,17,17,0,9,6,8,9,5,0,1,3,4,-1
13,7,7,13,8,15,4,5,15,16,3,5,7,5,4,9,1,4,2,1,-1
9,3,9,22,7,8,2,6,9,11,5,10,2,10,9,5,2,3,2,0,-1
9,10,4,15,18,12,11,6,9,16,5,13,15,8,16,12,3,7,3,9,-1
9,11,7,7,10,8,12,5,17,9,0,9,7,3,5,9,3,3,2,2,-1
8,9,10,20,12,14,10,7,8,20,1,15,13,7,8,8,5,7,1,2,-1
9,9,6,13,7,12,8,5,10,11,2,9,7,5,6,6,6,5,1,5,-1
6,7,6,15,7,15,17,0,11,13,0,8,10,4,4,7,5,2,0,0,-1
16,17,6,9,16,20,22,10,15,22,2,14,16,13,16,17,4,11,5,7,-1
8,16,11,15,8,17,18,1,10,20,0,12,15,8,11,9,2,6,1,3,-1
0,9,11,8,13,13,15,6,20,10,0,9,11,3,14,7,4,6,1,3,-1
7,12,6,12,11,12,12,3,13,12,0,10,13,6,7,2,8,2,3,5,-1
9,17,6,40,10,23,18,9,15,20,1,16,6,2,11,14,14,4,2,2,-1
15,14,10,8,14,15,18,11,17,12,3,18,14,13,9,6,5,3,0,2,-1
6,11,9,10,20,14,13,7,14,17,1,12,20,11,12,10,8,5,3,4,-1
8,18,7,14,17,19,23,12,16,18,8,21,12,5,15,17,6,7,2,6,-1
3,7,4,13,6,8,10,1,9,8,2,7,6,3,7,2,4,4,3,3,-1
2,16,1,10,4,7,13,4,11,13,0,7,12,2,6,12,1,5,0,0,-1
4,4,4,12,4,13,9,4,11,5,2,11,1,2,5,6,4,1,2,2,-1
10,7,4,21,7,17,9,2,11,13,1,6,5,2,5,6,0,1,0,2,-1
15,27,23,46,20,30,17,16,38,26,5,22,18,21,21,22,8,11,4,6,-1
17,37,9,38,22,24,25,5,36,28,4,19,33,18,17,22,12,15,2,5,-1
20,26,15,37,15,20,24,21,38,28,4,20,12,9,17,21,3,14,9,1,-1
21,17,17,41,20,19,22,16,52,13,8,14,5,11,16,31,5,11,8,8,-1
12,23,14,37,18,24,22,9,41,15,4,20,17,11,18,14,12,8,8,13,-1
29,36,4,45,13,29,5,7,54,25,3,15,8,21,12,39,7,12,1,3,-1
28,23,11,24,24,29,20,25,37,34,8,18,21,29,25,18,13,12,6,13,-1
22,30,8,52,22,38,20,16,54,33,9,16,19,27,27,30,13,13,12,15,-1
12,20,16,42,22,30,24,14,40,29,6,19,17,18,28,18,8,9,6,13,-1
17,21,15,43,21,35,14,14,50,31,2,20,13,12,22,23,5,10,5,11,-1
17,21,22,41,21,28,24,15,40,30,2,28,22,14,29,13,2,10,0,14,-1
18,21,14,38,20,25,26,14,35,20,11,16,15,10,22,16,11,14,7,8,-1
13,34,15,24,13,26,29,6,32,35,1,23,30,13,26,21,11,11,3,10,-1
19,28,15,32,14,35,16,13,52,31,8,19,10,7,21,25,7,11,5,9,-1
19,23,10,45,24,30,19,20,46,28,8,27,6,12,22,27,8,13,7,10,-1
19,19,14,43,16,36,26,24,41,21,7,24,6,15,11,19,2,15,9,14,-1
19,24,9,50,27,47,25,8,52,27,2,22,11,15,22,33,13,12,5,8,-1
23,27,18,32,24,35,27,7,43,30,6,19,25,14,17,19,6,18,6,8,-1
20,29,13,54,21,42,29,17,41,28,1,18,21,14,15,20,10,12,8,12,-1
18,28,14,49,20,35,22,20,32,36,0,21,19,16,13,21,9,15,2,15,-1
21,18,10,53,22,28,27,13,35,19,6,26,12,13,16,19,10,10,4,14,-1
14,17,8,53,20,32,16,27,44,25,7,14,7,11,29,28,7,7,5,12,-1
16,31,26,31,18,27,18,14,46,27,7,22,25,23,34,17,12,15,9,13,-1
25,25,27,36,33,35,26,17,36,26,6,19,28,25,22,21,11,25,4,15,-1
18,11,17,11,16,17,18,13,24,17,2,10,15,14,16,16,9,16,4,7,-1
12,9,10,17,19,13,9,12,29,20,6,26,12,15,21,8,5,9,3,8,-1
5,22,16,19,12,21,19,7,20,23,0,21,15,10,9,11,6,5,0,9,-1
15,18,7,25,17,28,17,18,40,14,3,13,13,8,16,14,3,17,1,5,-1
21,17,7,27,24,20,13,20,32,25,10,13,17,21,16,27,4,15,5,9,-1
11,11,7,19,12,15,6,9,21,18,4,7,6,5,5,11,7,4,2,8,-1
17,19,8,30,13,13,13,12,20,24,1,10,9,3,11,18,8,9,2,5,-1
4,20,14,11,20,10,20,6,22,20,3,7,19,11,11,9,2,19,1,0,-1
10,17,8,17,14,17,13,10,18,20,5,6,11,9,15,17,4,8,1,8,-1
17,28,23,17,20,16,16,8,21,15,12,15,30,22,19,10,5,27,8,10,-1
7,9,8,14,13,1,14,2,12,20,0,12,14,2,9,9,6,3,2,5,-1
10,9,3,27,4,12,12,7,8,17,0,7,7,4,11,5,4,5,1,2,-1
9,14,6,10,14,13,15,5,13,20,0,11,19,9,19,6,0,6,0,1,-1
6,11,4,13,12,15,7,7,8,11,2,11,5,7,5,8,3,5,1,9,-1
7,6,1,19,7,9,5,2,10,7,0,7,4,4,6,7,1,0,0,7,-1
2,8,5,5,9,8,3,4,13,10,3,6,9,4,5,9,3,2,0,3,-1
3,5,4,5,8,7,5,1,10,8,2,6,11,8,7,2,5,7,0,1,-1
4,7,6,6,5,8,14,0,7,12,0,4,10,5,8,3,1,1,0,2,-1
4,17,4,3,1,10,3,4,17,7,2,6,7,9,11,8,3,2,0,0,-1
10,20,17,37,23,20,16,9,19,20,7,13,23,16,15,9,5,10,0,1,-1
5,8,2,12,10,14,4,7,17,7,3,12,4,3,8,9,4,3,1,7,-1
24,43,14,48,24,45,29,22,37,30,14,23,39,15,13,29,7,13,8,17,-1
27,41,26,35,31,35,35,17,38,31,7,23,43,27,27,28,17,26,6,8,-1
8,22,11,20,15,13,25,3,20,22,0,6,27,8,11,12,5,11,1,0,-1
11,22,14,13,11,16,14,16,37,28,0,9,19,7,19,11,6,8,6,6,-1
23,8,7,16,15,14,11,20,38,11,6,15,13,8,12,13,3,8,4,6,-1
37,67,40,100,43,54,52,33,67,58,19,44,66,37,41,41,25,24,12,22,-1
27,26,18,48,24,29,21,17,53,37,8,36,29,13,45,35,12,21,19,12,-1
38,30,15,33,31,36,24,16,49,23,11,32,34,18,40,25,15,14,7,11,-1
21,32,18,42,31,35,25,9,38,35,5,26,25,25,24,28,14,18,7,18,-1
36,41,25,58,42,49,25,19,63,36,12,28,37,30,46,43,25,28,7,14,-1
