v;d;a;e;q;k;c;i;s;h;g;l;t;p;n;y;m;w;f;r;Label
5;8;16;6;4;4;2;6;0;2;12;5;1;2;6;3;1;2;3;1;-1
8;3;17;9;10;16;2;7;2;3;15;14;3;5;3;4;2;1;4;3;-1
6;12;8;10;4;6;2;7;5;2;10;13;15;7;8;6;1;1;5;7;-1
10;6;18;5;4;12;2;1;2;2;10;9;8;4;6;3;3;1;5;3;-1
14;8;15;10;4;2;2;8;4;2;14;7;9;12;4;4;6;0;4;9;-1
7;5;13;5;5;8;2;3;3;1;7;4;2;6;3;1;2;2;2;1;-1
3;8;19;5;4;4;4;3;6;1;12;8;12;8;2;1;0;2;2;8;-1
7;4;6;5;2;4;2;2;6;2;8;6;1;6;2;4;1;1;2;3;-1
4;11;19;7;5;4;2;2;6;2;10;14;8;10;6;6;2;1;3;5;-1
8;5;8;8;10;5;2;4;7;3;8;8;3;9;0;4;4;0;3;5;-1
11;13;23;15;5;5;4;5;10;7;16;12;10;18;9;11;5;3;7;10;-1
2;7;12;3;5;7;2;3;3;3;15;9;5;4;5;3;3;0;3;4;-1
4;2;10;3;8;5;2;7;3;3;11;5;5;3;6;4;3;0;3;3;-1
1;8;13;9;5;9;2;1;4;3;6;10;3;3;0;5;3;1;4;4;-1
7;6;8;6;5;2;3;5;9;4;11;8;3;5;5;7;0;1;5;11;-1
9;10;9;11;7;12;2;4;7;2;15;12;10;12;12;6;3;1;8;6;-1
3;5;9;5;5;1;2;3;2;3;5;7;6;5;1;3;1;4;3;7;-1
0;0;5;6;5;3;0;2;4;0;1;6;2;1;4;1;0;1;3;9;-1
2;1;1;5;1;7;0;5;4;1;2;5;5;1;7;1;1;2;2;7;-1
3;1;2;8;3;6;0;6;4;0;0;3;4;1;5;0;2;1;2;6;-1
2;0;5;8;3;9;1;5;5;1;3;3;2;2;8;5;0;1;4;6;-1
2;1;5;6;6;8;0;2;3;3;3;7;5;4;3;4;0;1;3;11;-1
9;7;7;9;6;13;0;9;11;3;4;11;7;8;9;9;5;3;12;10;-1
1;0;3;3;4;4;0;6;4;2;4;4;1;3;2;2;1;0;2;6;-1
4;3;2;2;1;3;1;2;8;2;2;6;2;2;1;2;2;0;0;6;-1
5;8;17;4;6;6;0;2;7;2;4;7;5;3;3;4;2;4;2;8;-1
0;2;4;4;1;4;0;4;2;2;2;3;4;1;4;1;1;3;0;5;-1
3;4;6;2;2;5;0;2;7;2;3;6;4;1;2;2;1;2;1;4;-1
8;1;8;7;6;4;3;2;13;3;9;6;7;5;3;0;2;1;3;4;-1
8;3;6;3;2;9;0;1;2;4;1;9;3;2;3;0;1;1;2;4;-1
6;2;4;5;4;4;2;5;8;0;3;4;2;4;4;1;0;1;1;5;-1
8;8;1;6;0;7;0;5;5;4;3;7;7;4;4;5;0;0;4;8;-1
2;1;4;6;2;6;1;6;5;0;3;5;4;4;3;1;1;0;2;10;-1
3;4;2;5;6;8;0;6;7;3;4;5;2;2;3;3;1;2;4;8;-1
9;5;6;3;8;7;0;1;3;0;5;12;6;2;7;4;5;0;1;5;-1
2;2;4;5;2;2;1;3;4;2;1;5;2;6;3;1;3;1;0;11;-1
1;3;1;5;2;4;0;5;8;3;3;6;2;1;1;2;1;2;1;3;-1
1;2;8;1;5;3;0;3;5;0;2;8;4;5;0;2;0;1;5;10;-1
2;1;3;9;3;12;0;6;4;1;4;8;4;0;6;3;0;2;3;0;-1
4;4;7;8;5;9;0;9;3;1;4;3;1;1;2;4;3;0;3;1;-1
4;8;10;5;2;2;0;3;3;0;3;12;4;4;3;2;1;0;3;4;-1
0;3;16;6;6;5;1;6;3;2;6;8;7;3;2;4;1;1;5;3;-1
7;5;6;4;2;3;1;6;4;2;8;14;4;3;5;3;1;1;3;12;-1
8;1;5;5;4;3;0;5;6;0;5;7;2;2;1;3;1;0;0;7;-1
6;1;8;8;5;8;1;2;6;0;4;7;4;2;3;1;4;0;4;4;-1
6;1;5;7;4;2;0;4;5;2;7;11;5;2;0;4;0;0;2;7;-1
5;3;7;3;5;3;0;9;6;2;8;5;8;1;4;2;0;0;3;6;-1
1;4;4;6;1;8;0;11;3;1;4;6;3;2;1;0;0;0;1;4;-1
7;4;6;4;6;7;0;7;10;8;3;12;4;1;5;2;3;0;1;4;-1
12;7;9;8;6;11;6;7;3;3;7;25;8;6;6;2;2;1;2;7;-1
10;6;10;15;8;12;1;16;8;1;7;12;5;2;7;6;2;1;3;12;-1
8;8;3;10;8;16;1;15;8;4;0;9;5;2;5;6;3;0;8;6;-1
8;6;5;11;5;16;1;11;8;2;0;12;5;1;7;6;1;0;5;5;-1
8;6;4;7;2;8;0;9;5;2;6;14;4;5;3;1;4;0;4;8;-1
6;3;2;7;2;11;0;9;8;3;2;6;6;3;4;2;3;2;1;2;-1
3;1;5;8;3;2;0;6;4;1;5;7;7;5;4;1;0;3;3;6;-1
7;5;5;14;6;19;1;5;5;2;5;19;4;1;2;6;2;0;6;6;-1
3;8;14;4;11;7;0;10;12;3;10;21;4;2;3;3;2;1;3;6;-1
6;10;3;6;3;8;0;8;3;0;4;11;3;1;8;3;2;2;3;4;-1
6;8;10;10;6;8;1;10;12;4;8;10;3;7;2;7;1;1;8;7;-1
9;7;9;7;3;11;2;7;7;5;6;14;8;4;3;5;2;1;6;9;-1
7;3;3;15;2;7;1;11;7;3;8;15;8;4;2;4;0;1;2;9;-1
2;2;3;5;3;6;0;6;3;2;6;12;5;2;4;5;2;1;2;3;-1
2;2;8;7;5;2;0;4;5;1;3;9;4;1;1;1;1;1;0;4;-1
5;4;1;8;2;6;0;1;5;2;2;9;1;3;2;3;0;2;4;4;-1
11;9;9;7;6;13;1;14;10;3;9;8;7;3;9;5;1;3;6;5;-1
6;6;3;8;4;10;0;14;1;1;6;13;5;3;5;3;1;1;4;6;-1
7;6;12;6;2;3;1;5;12;1;5;15;9;7;4;4;4;0;2;5;-1
8;8;9;3;3;2;0;0;1;3;9;21;8;5;2;0;2;0;0;8;-1
5;3;2;3;2;17;1;5;14;0;5;9;4;4;5;3;2;0;3;1;-1
3;5;3;4;4;8;1;7;6;1;5;7;3;7;8;6;4;2;6;4;-1
5;4;2;4;4;10;0;2;4;1;4;9;7;3;3;1;3;0;2;5;-1
9;6;7;6;2;6;1;6;6;3;5;7;5;2;2;4;4;2;4;7;-1
4;8;7;6;2;8;1;4;15;1;13;14;1;6;6;4;2;1;4;2;-1
4;4;4;4;3;9;0;5;5;1;4;11;4;0;2;1;0;1;1;4;-1
5;5;4;4;4;9;0;5;3;3;6;9;5;3;4;4;2;1;2;3;-1
6;3;1;3;5;8;1;3;4;0;4;7;2;4;2;1;0;1;0;2;-1
5;3;2;3;3;11;2;4;5;0;0;7;5;3;9;3;1;1;2;1;-1
2;4;5;6;3;7;0;4;4;2;9;13;6;5;6;11;5;1;3;4;-1
4;5;4;4;4;16;0;3;5;2;7;8;4;0;2;4;3;3;4;6;-1
3;8;6;3;6;8;1;7;6;3;6;11;3;4;8;2;2;2;10;7;-1
3;6;7;6;3;12;1;8;3;4;5;6;3;9;8;1;5;6;4;9;-1
5;5;3;8;2;0;0;2;3;1;4;9;6;2;1;2;3;0;0;8;-1
5;5;6;5;3;10;0;1;7;0;5;6;4;1;3;3;3;1;5;1;-1
11;5;3;9;4;8;0;2;8;1;4;10;4;4;4;1;3;0;5;6;-1
4;6;2;3;0;4;4;3;2;4;4;11;2;5;5;3;3;1;3;5;-1
3;3;8;9;3;12;0;6;3;3;4;8;7;3;2;8;1;0;7;4;-1
9;4;4;13;0;11;0;7;10;1;8;14;1;3;1;3;3;1;5;11;-1
18;7;11;13;16;10;2;5;7;5;7;17;10;16;6;6;7;1;9;14;-1
11;9;2;14;7;14;4;9;11;4;5;16;3;3;6;2;5;0;12;8;-1
4;5;3;11;0;7;2;7;5;1;3;14;5;1;6;4;5;0;5;6;-1
5;10;1;4;8;8;2;12;16;0;4;7;11;6;8;5;2;4;4;7;-1
12;7;12;10;4;11;1;9;13;2;3;13;4;6;7;1;4;0;2;6;-1
3;6;8;9;5;9;0;6;3;2;6;14;3;1;3;3;2;0;3;3;-1
1;8;6;6;6;8;2;8;5;2;6;10;7;2;5;0;3;0;7;3;-1
3;5;2;10;5;9;1;6;3;3;2;10;5;1;7;1;4;0;5;3;-1
3;11;5;5;1;4;1;5;5;0;6;5;5;1;4;0;4;0;7;4;-1
5;14;20;6;2;12;1;4;8;1;7;9;2;1;1;1;2;0;10;1;-1
11;18;13;13;1;12;0;8;11;1;13;12;10;5;11;2;10;3;15;5;-1
5;9;5;12;1;6;0;6;1;0;5;3;1;2;2;0;3;0;6;1;-1
7;21;12;14;6;15;5;11;7;5;16;14;11;7;6;4;3;6;11;8;-1
9;13;10;14;6;16;0;9;7;1;12;12;3;0;5;4;3;0;9;1;-1
3;10;3;13;3;9;0;4;3;0;5;8;5;0;2;0;3;0;6;3;-1
4;13;9;16;5;15;0;9;8;0;9;10;7;5;6;2;9;0;11;4;-1
14;19;4;12;9;15;2;11;10;2;13;14;3;3;7;3;6;0;12;6;-1
6;11;11;25;8;25;1;12;14;3;10;18;13;7;8;5;2;3;14;5;-1
13;14;14;23;10;14;3;6;5;2;11;20;7;4;9;5;5;4;12;8;-1
5;23;10;17;5;14;1;16;9;2;19;16;8;0;8;5;7;0;8;9;-1
8;6;10;4;4;6;1;2;9;1;8;17;3;5;3;3;0;1;4;4;-1
3;7;6;7;4;9;1;5;5;2;4;11;4;6;3;3;1;2;7;2;-1
11;18;8;5;14;6;1;12;12;1;17;11;8;7;9;6;3;5;14;13;-1
9;15;10;11;8;9;2;10;11;3;13;15;9;2;8;5;8;3;12;10;-1
6;9;8;3;7;6;6;7;6;3;3;22;7;3;10;4;4;1;2;8;-1
4;4;8;5;2;5;1;6;8;2;2;8;6;3;3;1;1;4;8;5;-1
6;10;2;18;3;7;0;2;2;2;2;12;5;3;6;1;4;1;6;7;-1
46;16;57;30;28;20;11;29;24;18;34;73;34;18;27;9;16;3;6;30;-1
50;64;54;61;50;44;26;65;47;20;34;115;37;50;42;22;25;12;35;35;-1
40;24;45;33;17;29;10;34;36;12;21;60;24;15;25;20;9;4;15;27;-1
52;36;57;47;21;32;14;31;39;11;20;81;27;26;21;10;13;5;18;27;-1
14;15;10;15;5;10;0;12;5;3;3;17;10;3;9;6;5;5;7;7;-1
20;12;18;23;10;16;6;10;14;7;7;34;11;16;12;12;6;5;10;15;-1
22;15;20;25;20;19;6;20;19;13;6;34;13;8;11;4;6;4;20;11;-1
14;18;20;30;20;31;3;22;17;6;7;43;17;9;18;11;8;1;20;15;-1
19;17;30;30;13;20;4;17;12;11;12;42;11;8;22;19;9;4;17;19;-1
2;1;2;2;1;0;0;3;0;0;0;3;1;2;4;1;1;0;0;2;-1
11;13;17;14;13;13;2;8;9;7;7;29;5;11;5;7;2;4;9;15;-1
32;31;23;32;25;41;7;40;38;11;16;70;21;9;29;11;4;5;17;15;-1
7;7;14;13;2;4;0;5;7;1;9;10;4;2;4;1;3;3;4;11;-1
4;7;13;11;10;6;3;6;0;3;4;20;9;4;8;5;4;1;7;5;-1
8;3;6;5;5;3;2;4;15;2;10;12;7;7;3;6;2;1;5;6;-1
8;3;8;4;7;8;2;3;13;1;10;9;10;5;6;9;1;5;3;1;-1
12;7;6;2;4;6;2;8;12;1;11;11;16;10;3;3;2;3;5;8;-1
8;5;5;5;7;9;2;8;12;1;9;7;13;2;3;7;3;1;6;2;-1
7;3;6;4;7;6;2;0;18;5;5;17;9;5;4;5;2;1;8;1;-1
5;3;7;6;4;3;2;7;10;6;8;11;11;7;7;6;2;1;1;5;-1
8;5;5;4;10;4;3;2;7;0;7;16;8;5;5;5;2;4;2;10;-1
7;4;10;6;6;6;2;4;17;3;8;10;13;4;1;4;3;1;6;4;-1
7;7;7;8;3;8;3;10;4;1;13;7;9;6;5;8;3;1;4;6;-1
11;10;5;4;5;5;2;4;11;2;6;7;12;8;1;7;0;1;9;6;-1
13;11;3;6;5;5;2;9;11;3;10;3;8;5;3;7;0;5;6;4;-1
9;11;7;6;5;12;2;10;9;2;7;12;7;7;5;6;1;1;3;2;-1
10;11;8;4;5;6;3;3;12;3;6;6;9;5;8;6;4;4;5;9;-1
9;7;4;10;7;9;3;6;5;4;5;12;6;6;2;5;3;1;2;7;-1
6;7;2;6;7;13;2;7;9;1;5;10;5;2;6;1;0;2;3;3;-1
2;13;3;7;5;19;0;10;4;1;4;8;8;1;4;3;1;2;5;1;-1
12;4;5;11;2;10;2;7;6;3;3;9;8;2;5;4;4;2;2;4;-1
11;3;4;7;5;4;3;4;15;1;8;4;11;3;4;6;1;1;4;3;-1
12;5;3;9;8;4;2;4;7;1;9;7;3;5;2;2;1;4;1;2;-1
15;11;24;12;11;10;6;14;17;4;14;25;14;26;9;14;5;4;8;16;-1
6;7;5;6;3;7;3;4;16;2;4;5;11;5;8;4;1;2;4;4;-1
11;3;6;2;2;5;3;2;18;2;7;8;13;10;2;3;0;2;2;1;-1
11;6;7;3;3;7;3;2;15;2;7;8;6;9;6;2;1;1;4;2;-1
8;5;2;6;7;6;2;1;12;3;4;10;7;8;6;5;1;2;4;3;-1
5;8;3;5;9;4;4;4;10;3;8;10;16;5;0;3;1;2;3;1;-1
9;4;11;9;7;4;2;3;8;3;3;5;7;8;2;1;1;3;6;9;-1
12;6;10;10;9;4;2;2;12;4;5;8;7;9;6;3;0;5;6;7;-1
5;6;3;9;4;13;2;9;6;3;4;9;8;7;6;2;2;2;5;2;-1
6;6;7;9;6;3;2;2;2;6;5;7;11;9;0;2;0;4;2;6;-1
4;3;6;6;3;4;3;0;10;4;10;10;3;7;4;2;1;1;5;5;-1
10;4;6;5;1;2;2;4;9;3;5;8;7;12;5;3;1;2;11;3;-1
8;3;7;4;3;4;2;3;5;4;6;6;13;10;3;5;2;4;2;4;-1
6;7;4;6;6;5;2;4;6;4;14;9;2;5;0;5;1;3;1;9;-1
9;2;7;11;8;3;2;0;3;2;7;14;9;9;1;2;0;2;3;9;-1
6;4;9;7;3;4;2;4;6;4;6;12;10;8;4;2;2;0;7;6;-1
9;2;3;8;8;6;2;3;5;0;3;5;4;4;2;0;4;1;0;3;-1
3;4;4;7;2;2;2;7;10;3;4;7;10;6;9;2;2;2;6;3;-1
7;3;1;4;5;6;4;2;10;0;5;10;7;8;4;2;1;0;1;2;-1
6;4;2;7;4;2;4;1;4;0;7;8;9;9;4;2;1;3;1;6;-1
10;10;6;5;7;6;2;8;10;0;6;4;5;3;6;2;0;2;4;1;-1
8;10;9;12;4;6;2;6;7;2;4;4;6;5;7;1;1;1;3;2;-1
11;4;11;13;7;1;2;2;4;2;9;15;6;15;2;1;1;1;3;6;-1
16;13;8;11;4;10;2;8;3;1;9;6;11;12;4;1;0;2;2;7;-1
10;6;7;9;4;6;2;8;8;2;6;3;3;4;3;3;2;3;3;6;-1
10;5;3;7;3;9;1;4;6;2;8;3;6;5;6;7;1;1;3;7;-1
7;3;7;11;4;8;2;6;4;4;7;10;3;4;3;1;1;1;3;0;-1
6;4;5;7;4;10;3;6;2;3;6;10;5;6;8;7;2;1;5;3;-1
9;2;5;8;2;9;2;3;4;5;7;4;6;6;9;5;4;3;2;6;-1
7;5;7;8;5;8;2;3;7;2;6;6;3;5;5;4;0;2;4;5;-1
9;6;2;5;2;10;2;2;4;2;10;5;7;7;7;6;5;0;2;4;-1
11;1;4;6;5;12;2;1;7;3;8;9;2;1;5;3;1;1;6;4;-1
4;5;9;7;3;4;2;5;11;2;6;8;7;7;4;4;1;2;10;4;-1
8;7;8;6;5;3;2;3;8;1;7;8;4;4;2;2;1;3;1;6;-1
7;8;10;5;2;5;2;5;14;2;9;4;8;8;4;4;4;1;5;3;-1
5;3;2;7;1;6;2;11;4;3;6;8;11;6;4;4;2;1;3;6;-1
6;2;11;7;4;0;2;3;8;6;5;9;6;9;10;1;4;2;9;3;-1
5;4;3;4;6;3;2;3;9;4;4;8;9;7;6;2;0;2;2;2;-1
7;1;1;9;3;6;2;2;10;2;4;5;4;4;11;2;0;2;6;1;-1
5;6;5;6;6;5;2;9;6;2;5;6;5;5;3;6;3;1;5;8;-1
5;4;6;6;2;3;2;1;14;4;10;9;6;9;2;5;1;1;4;5;-1
8;3;4;8;4;6;3;5;5;2;5;7;3;9;4;5;3;2;5;4;-1
10;4;9;3;2;1;3;0;7;4;9;11;5;8;2;2;1;2;0;10;-1
6;14;9;8;3;13;2;2;8;2;4;8;4;3;5;6;0;1;1;1;-1
12;5;2;9;4;8;1;7;8;6;5;7;5;6;5;3;1;1;5;1;-1
14;6;5;10;3;4;2;3;12;4;9;6;8;8;4;3;2;2;7;7;-1
13;4;10;2;8;2;1;4;6;0;11;7;13;11;2;1;1;1;2;4;-1
12;7;4;5;5;7;1;3;5;2;7;7;6;8;5;6;0;2;4;2;-1
9;6;12;7;5;9;0;3;5;1;13;9;3;5;2;4;0;2;2;8;-1
11;2;7;1;2;3;0;5;7;0;12;2;10;4;6;3;2;1;2;1;-1
8;4;15;14;3;7;2;3;8;3;9;11;4;3;0;9;1;0;7;9;-1
6;5;7;7;4;2;0;4;3;3;9;8;3;7;2;4;4;2;4;9;-1
7;6;4;9;4;9;0;6;5;1;5;6;4;5;3;7;1;1;3;4;-1
11;6;17;3;3;8;2;3;7;0;11;5;10;3;10;2;1;4;2;1;-1
12;8;9;7;7;8;0;4;6;0;6;6;13;6;6;2;3;3;2;7;-1
19;23;12;15;5;19;4;12;15;18;12;20;11;13;13;9;5;2;12;10;-1
8;5;4;4;3;5;2;6;4;3;8;3;10;8;5;2;4;2;4;3;-1
13;4;6;5;4;7;2;6;10;4;13;9;10;7;4;3;0;1;5;2;-1
11;8;4;6;2;3;2;5;3;1;8;10;1;5;6;3;2;3;6;6;-1
17;5;2;9;6;12;6;9;11;2;7;3;6;12;7;4;1;3;5;3;-1
12;9;7;9;2;13;1;7;11;2;10;11;9;6;3;7;4;3;5;7;-1
17;9;7;18;12;7;4;7;17;6;12;20;13;9;5;4;8;1;14;12;-1
19;11;6;11;7;9;2;9;11;3;11;12;9;12;12;9;2;4;8;17;-1
7;1;11;4;9;4;0;10;19;2;13;14;8;6;10;2;4;3;8;5;-1
14;10;10;7;0;6;1;5;2;1;11;3;6;8;9;4;1;0;4;2;-1
19;11;9;13;4;15;4;5;4;3;10;18;9;14;5;7;0;0;9;12;-1
10;7;10;5;2;6;1;7;4;0;5;4;9;2;5;2;2;0;1;0;-1
3;4;4;4;3;7;0;6;7;0;7;10;17;7;8;2;1;0;4;0;-1
6;12;19;9;5;4;0;9;4;1;15;7;8;14;7;2;3;2;5;6;-1
8;4;2;6;3;7;1;5;4;3;4;5;6;7;7;2;0;1;4;2;-1
12;5;13;9;1;8;1;4;3;5;7;4;8;6;2;4;5;1;5;2;-1
10;6;10;9;0;8;1;3;8;2;9;5;10;6;4;3;2;0;6;0;-1
13;7;16;7;2;13;1;4;2;3;14;6;7;8;7;3;5;0;5;1;-1
10;11;7;4;6;11;3;4;10;4;11;10;10;4;7;2;6;1;6;1;-1
17;8;12;4;3;14;1;7;5;5;16;5;18;14;4;6;2;2;10;0;-1
16;4;8;10;2;9;1;9;4;3;7;6;9;5;10;1;0;1;6;1;-1
10;7;18;8;6;10;2;12;10;3;8;5;8;11;8;6;8;3;12;3;-1
16;3;7;9;8;4;2;8;2;3;12;4;9;10;6;6;1;1;6;5;-1
9;10;18;8;6;12;0;10;4;7;20;15;12;11;7;9;2;4;6;7;-1
17;8;12;11;6;12;0;9;5;3;20;8;5;6;9;6;3;0;9;2;-1
15;13;14;5;7;6;1;9;9;2;12;19;6;15;7;3;6;3;6;7;-1
13;11;7;14;7;11;1;7;6;13;10;15;13;15;7;11;3;4;6;7;-1
9;9;7;10;5;5;1;11;8;9;10;11;12;14;4;7;3;4;3;12;-1
9;11;13;8;8;10;3;14;21;6;12;18;14;18;12;11;1;5;7;8;-1
9;11;8;1;3;2;2;6;5;7;16;9;10;8;12;4;3;3;7;5;-1
21;11;19;10;6;1;2;9;12;8;17;17;11;18;12;4;3;2;11;6;-1
19;15;17;3;6;1;2;7;6;7;14;13;15;15;14;8;3;1;8;7;-1
6;15;9;15;5;18;2;17;9;9;15;14;15;9;5;16;1;2;4;6;-1
13;7;14;15;3;14;2;15;13;6;18;8;16;16;11;13;2;3;8;10;-1
8;3;8;4;6;3;1;9;13;8;7;7;10;4;6;3;6;3;5;2;-1
9;5;4;10;7;8;0;5;8;7;11;17;6;6;5;4;6;6;7;8;-1
9;10;4;7;2;7;6;4;12;4;7;7;4;10;8;10;2;2;12;11;-1
21;15;16;9;15;9;0;13;22;4;17;16;19;17;11;9;3;5;13;5;-1
20;15;11;8;7;7;0;10;31;3;9;10;19;5;17;8;2;4;12;6;-1
11;12;12;8;4;14;2;8;15;4;26;10;19;7;19;17;3;8;13;2;-1
20;14;14;14;14;21;2;8;19;8;18;12;22;14;18;15;5;11;10;12;-1
11;18;20;10;15;11;2;19;14;5;23;9;23;16;21;15;6;13;9;10;-1
15;7;7;9;6;3;1;5;10;6;14;12;2;10;5;1;0;1;8;13;-1
10;5;12;8;3;7;0;12;12;4;9;11;5;12;14;6;1;1;10;8;-1
11;8;8;7;5;5;0;6;8;5;9;10;11;3;11;4;3;1;11;8;-1
14;11;14;8;7;9;3;14;14;6;15;16;14;9;7;7;3;1;8;9;-1
15;9;13;8;10;8;0;16;11;4;22;12;10;6;11;7;1;2;6;9;-1
27;12;24;15;6;7;4;3;14;7;12;24;17;12;2;6;4;2;7;13;-1
18;16;8;7;10;11;1;6;14;6;20;11;16;11;8;11;5;7;15;15;-1
13;25;12;14;4;26;3;13;13;7;17;22;14;13;11;10;5;5;16;6;-1
9;18;17;10;5;12;4;10;15;9;18;17;7;14;5;10;8;4;14;17;-1
10;12;14;9;16;2;0;10;23;3;20;23;12;13;8;10;2;5;6;24;-1
15;17;11;12;4;17;3;26;25;4;12;23;11;5;27;9;5;5;9;7;-1
17;16;22;15;9;12;4;13;18;9;17;27;9;11;13;7;6;6;5;14;-1
15;12;15;11;19;9;0;12;15;6;16;16;13;2;13;6;1;4;6;6;-1
20;8;16;11;9;9;2;7;18;8;26;19;17;12;10;9;3;4;6;10;-1
23;18;20;30;10;23;18;14;18;10;47;25;28;24;22;19;11;7;15;17;-1
14;8;8;8;8;9;1;12;16;4;24;9;16;7;22;13;5;7;7;8;-1
22;13;19;6;8;1;4;9;22;1;24;7;23;14;13;7;2;8;10;9;-1
9;17;11;8;8;5;5;12;13;3;24;14;15;9;15;16;3;12;9;16;-1
12;25;37;12;8;5;6;15;28;4;47;13;30;13;19;21;7;3;8;6;-1
11;8;10;8;8;14;0;10;9;2;7;14;9;3;6;2;1;1;3;8;-1
14;3;6;8;4;4;0;1;3;2;9;17;2;6;1;0;1;1;2;9;-1
7;12;10;10;8;7;1;7;6;3;10;17;8;4;6;2;3;1;7;14;-1
7;1;3;7;3;1;1;6;0;2;7;6;2;4;1;3;3;0;4;3;-1
5;0;4;6;2;4;0;1;1;2;10;13;2;2;0;2;1;0;5;2;-1
13;4;9;9;14;6;0;4;6;1;27;8;9;6;7;4;4;4;1;9;-1
21;13;21;21;9;9;0;8;6;3;25;19;10;8;14;7;8;5;1;23;-1
10;3;6;7;6;5;2;11;8;1;8;14;6;5;8;1;5;0;2;6;-1
9;14;10;6;3;9;1;10;13;0;11;9;7;3;5;3;1;2;5;7;-1
16;8;8;8;4;7;1;12;8;5;3;8;11;6;6;2;5;1;4;4;-1
7;10;7;13;8;15;5;15;13;2;8;14;6;6;12;11;6;0;17;12;-1
12;8;9;7;7;14;0;8;12;4;3;13;8;1;4;5;1;0;4;4;-1
19;13;18;13;8;22;1;10;14;5;9;16;12;7;16;7;0;1;18;7;-1
8;10;13;6;3;10;2;7;16;2;7;16;9;8;3;1;0;2;3;7;-1
16;7;9;10;4;11;2;7;12;3;5;15;4;11;5;2;1;1;8;5;-1
16;10;10;11;6;12;5;12;9;3;11;13;6;13;7;2;6;1;3;8;-1
12;6;9;11;1;11;0;9;7;0;9;14;3;3;2;2;1;0;2;5;-1
8;1;3;8;5;5;0;3;2;1;10;2;2;1;4;1;1;1;6;2;-1
8;3;3;8;0;10;0;8;2;0;6;5;6;3;0;2;1;2;1;4;-1
10;6;6;13;3;10;0;10;5;1;9;9;2;4;0;5;3;1;2;7;-1
9;5;2;10;9;8;2;10;1;0;8;9;3;3;2;2;2;4;0;13;-1
17;12;8;18;3;13;3;14;14;3;6;16;4;4;9;9;3;1;6;17;-1
10;7;2;4;1;8;1;6;5;2;7;11;5;4;4;6;2;0;4;13;-1
7;4;4;7;3;6;0;8;2;0;4;4;2;2;0;3;3;1;1;4;-1
11;6;3;3;5;4;0;2;6;2;6;5;2;1;2;1;4;1;2;5;-1
10;9;10;8;3;2;0;5;3;3;11;4;3;5;0;1;0;0;2;11;-1
13;4;2;7;4;15;0;5;7;2;6;10;3;5;1;5;2;0;2;11;-1
6;2;3;10;3;2;0;1;1;0;5;4;5;5;0;5;4;0;4;3;-1
4;3;10;9;2;6;0;8;4;2;8;6;3;4;4;4;0;0;4;6;-1
7;4;4;3;4;4;0;3;4;1;4;5;4;3;3;1;0;0;2;4;-1
3;9;2;6;2;6;1;10;3;2;8;8;7;2;7;4;1;1;4;3;-1
6;6;7;10;3;3;2;7;7;1;12;8;7;5;6;3;3;3;6;4;-1
14;3;2;12;1;4;0;6;3;2;8;8;5;4;1;1;0;1;2;9;-1
5;3;5;4;6;4;1;4;4;2;5;4;4;6;5;3;2;0;7;4;-1
17;13;17;18;3;23;3;7;7;2;17;10;10;12;8;10;5;2;8;5;-1
9;13;12;8;6;5;2;6;12;0;6;16;9;5;10;9;2;1;5;9;-1
19;2;24;4;9;2;6;8;20;1;32;10;18;4;13;4;2;2;6;12;-1
17;13;8;19;6;22;0;17;17;7;25;17;12;10;21;11;1;1;9;9;-1
16;9;18;4;7;9;2;15;21;2;25;5;24;6;19;14;5;1;6;7;-1
23;15;16;13;5;15;1;22;10;3;24;13;13;14;12;9;1;2;14;3;-1
15;12;17;5;9;5;0;22;11;4;24;21;15;9;19;4;4;0;5;12;-1
17;7;24;1;5;3;6;13;38;2;34;13;15;9;12;7;1;3;5;9;-1
23;18;20;6;6;1;6;18;14;4;27;13;22;12;10;7;3;4;8;4;-1
27;7;17;4;15;3;8;10;22;6;25;18;19;7;17;11;2;7;3;12;-1
17;9;15;6;12;1;8;7;15;3;27;20;13;15;12;2;3;2;12;22;-1
24;12;13;10;12;8;9;11;16;9;25;28;16;14;7;7;4;7;7;15;-1
25;19;15;21;15;29;10;16;16;9;21;23;14;17;8;10;2;4;10;14;-1
16;11;13;19;9;17;9;13;11;5;22;13;20;6;7;8;5;4;12;14;-1
19;15;13;15;6;13;7;11;17;10;20;28;11;9;9;6;6;8;5;12;-1
20;10;10;11;5;13;9;17;13;8;26;20;9;11;9;11;5;5;3;13;-1
13;9;13;11;2;11;0;6;10;6;19;10;12;7;5;4;5;3;6;8;-1
16;9;12;14;5;17;1;11;11;3;25;9;9;11;4;5;2;5;3;5;-1
14;11;5;9;4;11;3;14;9;3;20;16;11;8;14;11;3;0;6;8;-1
8;9;4;7;3;5;7;12;9;10;12;10;7;6;7;12;2;1;4;4;-1
25;30;27;22;22;27;0;14;24;12;31;25;22;14;21;23;5;14;19;16;-1
23;30;25;21;7;17;3;22;16;10;34;23;14;14;17;29;4;21;19;12;-1
21;35;29;12;15;22;0;18;22;11;35;30;34;11;37;25;8;8;22;12;-1
22;37;31;10;16;14;7;22;25;7;29;26;29;16;23;29;7;9;14;8;-1
19;30;31;30;13;14;2;18;14;10;24;33;19;20;11;15;8;10;30;31;-1
34;49;18;50;19;61;2;57;45;13;29;61;27;17;40;40;17;8;34;32;-1
19;31;25;26;11;13;0;14;14;20;33;38;16;16;22;22;10;17;23;26;-1
20;34;29;10;18;10;4;14;19;10;42;15;9;19;23;17;6;18;17;23;-1
26;31;15;28;8;24;2;22;23;13;30;32;12;16;14;18;11;13;31;22;-1
28;46;48;24;29;14;6;27;33;16;37;53;20;27;31;25;13;14;28;35;-1
11;19;23;14;11;12;6;12;23;4;27;15;13;8;22;12;10;11;8;12;-1
23;18;45;34;12;7;6;6;12;15;29;36;15;30;7;16;7;15;22;38;-1
32;32;31;28;22;29;6;27;24;11;39;48;17;30;30;24;11;11;20;19;-1
27;29;28;23;19;36;0;26;11;9;20;23;12;21;22;20;7;9;15;14;-1
26;25;23;13;12;21;7;29;24;7;28;18;18;14;41;19;13;11;18;13;-1
27;25;21;19;25;14;4;18;20;11;35;32;19;16;34;18;2;20;21;13;-1
23;26;21;7;20;9;4;19;26;6;33;30;22;21;24;19;5;18;12;13;-1
21;25;24;25;12;10;0;21;22;8;25;16;11;11;20;13;7;11;10;8;-1
22;19;26;17;11;7;2;18;21;11;32;19;18;10;22;14;5;9;9;10;-1
25;26;37;32;18;19;0;18;21;8;29;26;23;15;26;22;16;16;16;17;-1
34;27;34;19;20;14;0;18;15;6;29;23;24;22;22;18;4;13;18;21;-1
18;20;17;14;15;9;5;12;12;13;23;25;12;21;17;12;10;10;8;19;-1
26;17;35;8;18;14;2;17;20;4;21;22;22;13;25;9;3;8;9;10;-1
18;19;30;14;13;16;3;16;22;15;24;41;21;23;15;14;6;11;20;13;-1
28;23;30;26;8;21;6;25;15;13;26;26;14;17;20;21;11;11;9;17;-1
21;24;17;27;5;28;1;10;11;9;33;30;17;22;13;29;4;17;17;15;-1
28;40;33;37;10;34;2;28;15;19;38;28;20;20;22;37;8;10;25;14;-1
31;32;28;30;9;23;1;22;31;13;40;37;19;26;30;34;11;17;23;32;-1
19;22;10;21;9;23;1;24;20;9;17;22;17;17;17;11;1;4;17;8;-1
19;17;27;7;9;18;1;10;22;4;18;26;19;14;28;18;6;1;13;8;-1
24;19;32;8;13;9;0;9;17;3;25;20;16;10;19;16;2;2;10;11;-1
21;24;41;11;18;15;2;18;18;6;26;30;21;17;22;19;8;7;18;14;-1
20;27;46;9;10;23;2;20;18;4;30;24;23;18;28;15;2;11;10;7;-1
15;19;28;13;22;19;3;6;16;4;22;33;20;10;15;12;6;7;16;10;-1
12;11;26;2;5;6;2;8;22;5;23;6;20;7;16;10;4;11;9;12;-1
22;11;29;10;9;7;4;8;6;1;14;14;9;14;11;12;0;7;9;16;-1
29;29;42;19;8;15;2;10;17;9;33;28;20;23;4;24;5;12;8;19;-1
33;32;54;27;31;19;1;22;29;18;42;41;25;34;26;28;15;19;28;37;-1
20;18;19;23;15;21;4;12;14;4;20;29;13;17;17;17;8;10;15;25;-1
17;8;24;9;5;10;1;11;10;2;17;17;10;5;5;5;4;0;3;7;-1
20;6;23;12;4;15;2;11;5;2;19;14;6;8;4;4;3;1;6;3;-1
20;8;22;9;7;6;3;5;9;2;19;18;11;8;2;4;6;2;5;11;-1
17;6;20;8;8;11;3;15;10;1;24;21;10;8;4;1;0;1;4;2;-1
20;3;19;12;5;9;5;12;11;3;19;17;12;6;2;2;4;1;2;7;-1
14;5;18;12;9;11;2;9;13;1;19;21;11;2;5;7;1;3;6;10;-1
18;11;23;10;6;7;1;9;13;4;19;24;7;4;3;6;3;1;4;10;-1
11;8;11;9;2;14;3;15;17;3;19;18;6;7;3;6;7;1;3;5;-1
26;16;29;22;15;18;7;15;16;8;37;34;16;14;15;16;9;4;12;17;-1
28;23;30;15;7;6;4;13;19;11;37;35;16;13;11;13;1;6;7;27;-1
24;16;30;19;15;12;3;18;17;14;20;30;14;14;15;12;9;4;10;19;-1
20;20;24;23;9;18;2;17;16;5;28;24;14;8;19;19;7;3;21;10;-1
21;24;19;12;12;19;8;22;26;6;27;29;20;7;26;16;8;5;18;13;-1
32;22;25;26;12;25;7;21;25;15;30;34;26;12;17;16;8;4;18;18;-1
30;13;23;10;3;14;2;10;21;4;20;24;14;10;11;2;9;1;9;12;-1
25;13;42;12;4;8;7;10;20;8;22;26;20;15;12;11;5;2;6;16;-1
30;13;27;18;7;8;6;4;18;7;23;41;16;14;5;6;6;1;13;22;-1
27;11;30;18;5;8;0;12;15;2;36;18;20;7;8;7;8;3;4;14;-1
20;9;30;15;10;10;2;13;24;4;25;29;9;7;10;5;11;2;5;13;-1
25;16;34;15;3;11;2;14;16;5;36;30;10;11;11;8;4;1;11;13;-1
24;11;26;23;3;19;0;20;20;3;24;16;13;10;14;8;10;3;8;6;-1
28;14;37;12;9;16;3;18;14;3;28;14;12;10;10;7;3;2;7;8;-1
25;12;30;9;14;14;3;19;20;4;22;16;19;6;15;7;4;3;11;7;-1
18;10;35;15;5;10;0;20;14;2;29;18;14;3;14;3;10;1;7;15;-1
20;16;39;14;5;14;1;22;29;2;26;26;12;15;14;10;5;3;11;13;-1
20;14;36;14;5;11;4;16;20;5;25;21;9;7;10;7;9;1;12;12;-1
23;10;29;16;9;16;6;16;16;4;35;17;9;8;10;5;6;3;10;11;-1
26;7;39;21;6;6;0;6;7;2;26;31;7;14;6;4;3;2;6;22;-1
17;8;28;21;10;14;3;11;17;7;18;20;15;17;7;10;5;4;13;7;-1
25;24;33;13;12;15;4;17;23;5;27;32;15;13;21;18;6;4;15;19;-1
25;9;26;24;4;15;3;12;14;1;24;21;13;8;10;9;4;3;11;15;-1
17;12;18;5;1;11;1;12;8;6;20;9;14;5;12;5;3;2;4;8;-1
9;12;12;6;9;3;1;11;7;0;16;13;8;5;5;3;6;3;7;10;-1
16;8;24;4;2;13;0;10;15;2;11;19;14;6;8;4;1;2;7;2;-1
16;17;21;5;8;6;2;8;8;4;10;12;11;8;7;3;5;0;8;11;-1
18;9;13;7;2;3;0;5;5;3;13;18;12;7;5;0;3;1;6;6;-1
32;23;32;11;6;14;2;19;13;2;17;12;8;15;7;9;2;1;10;8;-1
19;11;31;31;1;23;1;19;18;7;24;27;9;12;10;10;7;3;14;10;-1
13;5;6;10;2;8;1;13;13;2;7;11;5;6;6;5;3;0;9;7;-1
2;1;2;0;0;2;1;1;1;1;1;1;2;3;2;0;2;1;1;2;-1
15;11;15;14;10;10;3;10;14;5;10;23;2;2;3;3;3;1;7;11;-1
8;20;20;13;7;13;1;11;7;5;12;16;11;4;8;11;4;0;15;9;-1
17;8;23;6;7;7;5;7;12;4;10;17;7;6;4;1;2;5;6;12;-1
13;9;22;7;12;7;4;10;5;7;8;20;11;7;4;6;3;2;5;5;-1
17;9;24;13;5;10;1;8;4;2;16;20;5;8;5;4;2;4;9;15;-1
12;14;18;10;9;13;0;14;7;6;19;22;10;10;9;9;6;1;8;2;-1
13;8;18;10;3;9;2;11;13;6;18;26;9;11;11;4;5;1;5;5;-1
22;6;27;14;3;15;1;11;4;2;19;10;14;10;2;3;8;0;5;7;-1
9;11;14;6;3;2;4;6;4;1;6;13;7;4;4;0;3;2;6;8;-1
17;7;19;4;4;12;2;10;7;1;15;15;8;8;6;2;2;0;3;3;-1
11;9;25;5;7;10;2;9;4;1;11;15;7;10;8;2;9;0;5;6;-1
17;12;19;4;7;7;0;13;6;5;14;10;7;3;9;1;2;1;7;2;-1
18;10;10;2;3;14;2;13;7;5;15;12;7;7;12;2;6;1;3;1;-1
13;11;12;10;1;13;1;15;9;1;10;11;8;3;6;4;5;0;4;8;-1
10;12;16;12;3;10;2;14;7;2;14;13;7;9;5;7;6;1;7;10;-1
18;12;23;7;5;13;3;14;9;6;21;11;9;6;5;6;3;0;5;6;-1
14;15;15;8;4;13;4;14;7;3;22;16;4;6;8;2;5;2;6;8;-1
14;10;21;9;1;13;1;14;12;2;18;12;6;8;4;3;9;0;2;2;-1
21;9;20;12;5;21;2;12;14;6;10;14;18;6;6;0;3;0;9;4;-1
15;9;14;13;6;18;1;21;18;2;7;20;10;8;11;9;3;0;6;5;-1
12;8;29;10;7;7;2;18;10;4;20;18;8;8;5;4;2;2;4;6;-1
13;10;13;5;11;4;3;11;8;6;13;23;15;8;8;3;3;4;2;4;-1
22;8;22;12;4;15;1;11;9;4;16;15;7;9;10;3;8;0;4;6;-1
22;14;26;20;5;20;1;18;7;3;21;15;12;6;13;12;5;5;6;8;-1
22;14;36;10;6;16;3;14;13;2;22;15;6;9;12;10;3;0;6;11;-1
19;10;14;10;2;12;5;11;6;4;17;12;11;11;7;2;5;2;3;7;-1
16;8;37;13;4;17;2;8;9;2;25;16;7;4;5;3;2;1;6;6;-1
15;6;26;10;8;13;0;13;7;3;11;11;6;4;8;9;4;0;8;5;-1
16;11;20;17;1;19;0;22;1;0;14;13;6;5;12;4;6;1;4;5;-1
20;11;35;23;11;17;3;22;18;3;19;27;16;18;11;11;5;3;12;9;-1
13;16;10;5;6;9;2;14;14;4;7;19;3;4;14;0;4;0;3;6;-1
10;11;12;12;0;12;2;20;8;1;9;11;5;1;4;6;3;0;1;4;-1
15;6;13;9;2;5;1;7;3;1;14;16;2;9;4;1;1;1;7;9;-1
12;7;12;12;5;6;1;4;5;5;8;19;1;12;2;4;3;1;5;12;-1
10;10;9;10;2;6;2;8;8;9;13;13;11;9;7;5;6;3;4;11;-1
25;19;21;15;5;7;1;13;8;4;20;21;7;12;6;3;2;1;5;21;-1
35;20;28;19;12;18;3;13;19;3;44;33;24;14;18;18;8;6;11;21;-1
34;22;23;17;10;11;2;16;32;9;37;32;26;15;17;17;2;3;12;14;-1
18;16;28;24;13;7;4;16;11;7;30;34;15;8;3;12;6;3;7;30;-1
18;17;30;21;7;15;2;15;16;11;27;23;7;7;9;10;9;4;16;12;-1
35;25;25;20;13;19;2;17;21;7;29;26;15;15;16;22;9;4;11;16;-1
33;16;22;29;12;18;4;22;15;10;32;37;28;24;15;13;13;9;10;25;-1
22;21;24;22;11;29;6;20;42;8;32;41;12;16;17;7;7;4;16;16;-1
3;6;1;2;2;3;0;2;6;2;2;3;2;2;1;3;1;0;2;4;-1
28;19;32;17;7;6;7;18;21;14;30;24;21;9;12;8;4;6;4;18;-1
24;18;38;17;12;22;8;20;16;9;40;24;25;3;11;9;11;5;9;15;-1
26;17;42;29;7;26;3;18;12;4;34;27;18;15;9;21;10;6;16;16;-1
13;5;8;9;3;6;2;9;13;1;12;14;7;5;2;1;6;1;4;4;-1
23;15;29;13;6;13;2;11;12;7;23;19;15;9;13;7;4;4;6;9;-1
17;11;17;15;6;22;4;16;8;4;27;21;16;8;10;10;4;4;5;10;-1
7;10;20;12;7;6;2;13;7;7;21;17;18;8;10;7;5;1;5;7;-1
14;8;12;5;2;8;2;9;11;1;16;9;2;3;6;3;2;2;7;8;-1
12;4;10;10;2;13;1;11;11;1;15;14;6;4;3;1;3;1;4;11;-1
14;9;8;8;5;8;2;9;4;3;15;11;5;4;6;3;2;1;3;6;-1
17;11;11;10;3;10;0;10;1;0;10;8;8;3;6;5;2;1;2;5;-1
15;11;24;7;9;4;3;13;8;4;17;21;8;8;10;5;2;2;2;12;-1
12;3;12;9;3;5;1;5;6;3;16;19;3;6;2;4;1;0;0;5;-1
18;8;13;8;7;11;0;6;3;0;13;12;6;4;2;0;1;1;4;2;-1
14;9;9;9;4;8;0;8;4;0;13;11;6;7;4;4;5;1;3;6;-1
20;14;25;17;7;13;5;15;9;6;28;22;8;14;15;9;7;4;10;13;-1
17;12;21;10;4;15;3;17;10;5;24;10;9;7;5;8;1;1;2;5;-1
25;14;27;24;6;8;3;15;16;7;26;23;19;11;11;16;5;9;14;19;-1
10;17;8;8;9;21;0;17;18;3;10;39;13;7;19;3;0;1;5;2;-1
12;17;17;37;11;13;3;12;32;4;7;75;8;36;37;9;2;2;8;11;-1
12;15;31;6;15;3;10;6;15;13;18;52;10;18;14;5;1;4;11;25;-1
9;4;11;8;9;1;5;3;8;5;3;32;3;6;8;0;1;0;0;8;-1
11;12;9;11;7;13;2;10;4;1;6;28;8;6;10;6;1;0;5;12;-1
10;11;6;17;8;14;4;12;12;3;12;19;9;1;15;5;4;2;6;9;-1
8;7;5;7;3;8;4;12;14;6;15;18;11;7;14;4;2;3;8;13;-1
5;9;9;11;7;2;3;10;13;8;18;27;5;8;5;3;1;2;8;12;-1
19;10;16;19;10;4;5;11;11;6;16;13;11;9;6;6;7;3;10;13;-1
15;11;10;12;3;10;1;27;12;7;16;16;5;10;9;12;2;0;6;11;-1
19;8;4;22;2;10;3;13;12;6;20;19;4;8;8;8;5;1;11;17;-1
14;8;12;19;6;19;2;17;20;6;19;19;4;14;19;9;3;2;15;5;-1
16;10;9;31;5;20;1;11;8;6;17;27;6;7;4;11;6;4;14;17;-1
21;9;24;23;5;12;1;12;8;8;26;27;7;17;4;8;6;2;9;21;-1
17;4;25;18;6;6;0;3;9;0;18;33;3;21;0;9;0;5;8;12;-1
19;8;23;15;4;16;3;10;9;3;18;18;8;9;6;3;4;0;3;7;-1
12;19;32;15;7;18;2;14;15;11;21;27;11;19;12;12;7;3;15;7;-1
12;14;26;7;1;12;1;13;6;3;11;16;6;6;4;4;4;1;3;6;-1
25;12;15;28;2;13;3;16;5;12;20;14;11;14;5;7;4;7;13;14;-1
19;15;16;16;3;14;1;12;7;7;17;23;5;9;6;3;5;2;8;9;-1
23;21;31;26;12;21;4;14;21;11;18;27;13;14;8;14;10;6;13;17;-1
14;16;20;15;16;12;3;21;25;9;21;37;15;12;14;14;2;3;13;14;-1
14;9;19;12;4;17;1;11;4;1;14;16;8;5;6;9;2;2;7;7;-1
17;10;26;16;20;1;4;5;12;7;12;35;12;7;6;3;2;6;6;20;-1
16;9;25;9;6;15;6;12;17;3;11;18;16;7;5;3;0;1;5;4;-1
32;13;17;10;5;10;0;8;22;3;16;15;5;10;8;6;0;0;6;6;-1
26;22;30;24;10;15;2;21;17;1;16;16;8;8;7;6;10;3;5;14;-1
13;15;7;6;6;9;0;11;15;5;6;18;6;3;3;4;6;1;2;4;-1
17;12;24;8;2;8;0;9;10;4;10;13;7;5;5;4;1;0;0;8;-1
9;10;11;17;7;10;1;15;5;10;8;17;13;9;8;8;4;0;6;10;-1
18;22;17;12;6;17;2;17;11;3;15;21;15;6;15;11;7;3;13;10;-1
12;11;9;27;13;16;5;13;15;5;9;27;13;7;13;12;5;7;11;11;-1
18;15;24;22;11;16;0;19;10;4;14;18;14;6;5;6;5;0;5;11;-1
20;18;39;11;13;3;4;17;14;9;28;39;26;27;6;11;12;4;7;22;-1
20;11;24;17;11;14;8;20;23;9;19;44;21;22;17;7;11;6;13;14;-1
23;11;11;14;8;11;1;7;13;2;12;15;15;7;10;3;11;1;3;12;-1
8;13;20;10;10;16;1;13;4;3;15;19;10;10;8;2;6;2;4;6;-1
15;12;21;17;9;16;3;6;14;6;13;27;8;6;4;3;2;4;9;14;-1
16;12;43;11;8;4;1;6;9;4;22;21;6;5;3;7;2;4;4;20;-1
15;5;21;26;1;9;0;6;8;3;13;32;6;9;3;1;3;3;4;23;-1
10;8;7;11;2;17;1;11;9;2;12;8;9;6;6;9;5;4;5;10;-1
14;9;11;21;9;10;0;10;6;2;13;15;11;5;7;3;3;1;4;15;-1
17;9;23;8;2;5;0;7;7;3;19;17;10;7;3;3;2;0;2;21;-1
20;11;26;15;4;4;3;11;9;3;22;10;5;5;1;2;6;5;5;11;-1
17;12;13;25;16;23;0;17;15;5;14;25;24;15;16;10;7;0;8;11;-1
9;9;3;7;8;6;0;10;14;2;10;15;4;4;5;3;0;1;9;3;-1
19;15;9;30;8;29;5;16;15;5;9;17;10;15;12;17;16;7;18;16;-1
18;11;13;37;6;26;7;19;28;8;19;35;15;17;11;9;3;7;20;11;-1
14;23;20;28;7;25;3;12;12;8;15;40;14;22;19;23;14;5;19;19;-1
13;17;15;13;8;19;2;17;15;9;21;26;19;16;4;8;5;4;16;24;-1
23;19;18;20;11;17;0;19;20;9;13;38;16;16;14;12;6;5;13;19;-1
12;16;8;16;11;11;3;12;8;7;7;19;12;4;5;10;4;5;12;16;-1
20;14;11;17;7;11;4;14;11;3;11;13;11;7;12;12;6;0;12;17;-1
16;12;13;9;5;13;6;10;9;2;12;18;13;15;6;8;2;2;5;7;-1
12;8;20;11;10;13;2;9;12;2;8;14;9;3;10;5;4;2;10;6;-1
11;11;11;11;6;7;1;10;5;3;11;20;11;3;10;5;5;4;5;10;-1
22;19;19;12;7;18;1;22;22;2;18;28;12;11;15;4;3;3;9;10;-1
11;13;11;17;5;20;6;16;9;6;9;14;15;2;9;6;5;2;14;5;-1
18;12;18;19;6;26;2;22;11;5;23;12;18;8;8;5;3;6;9;8;-1
35;27;28;22;10;28;1;20;18;5;19;32;24;9;10;5;10;3;17;18;-1
12;8;19;16;6;9;5;22;7;7;14;13;14;10;8;3;5;1;5;11;-1
13;12;18;14;3;5;0;16;7;6;16;16;11;6;5;0;5;2;2;15;-1
21;16;13;10;3;13;0;13;10;1;9;11;12;7;7;8;4;2;8;18;-1
23;16;22;26;6;27;2;24;13;3;17;25;17;15;16;10;5;4;11;14;-1
15;12;17;10;11;15;0;6;13;2;12;24;9;6;7;3;5;3;6;12;-1
15;16;18;23;10;24;1;28;11;3;19;28;12;12;12;4;6;3;8;20;-1
23;23;13;13;14;23;0;31;21;5;19;33;19;17;14;6;8;1;8;15;-1
20;12;9;26;4;20;3;12;11;4;16;24;13;7;11;10;6;0;9;8;-1
42;38;53;49;38;54;6;50;43;15;40;68;30;23;47;25;9;3;43;36;-1
25;20;15;24;11;25;8;22;31;7;20;22;20;8;19;14;7;0;11;14;-1
19;16;18;31;19;18;8;22;35;10;16;37;24;11;24;10;13;2;13;22;-1
26;23;22;25;16;32;3;21;39;7;20;33;20;7;18;12;9;2;10;19;-1
39;31;32;29;10;22;4;20;16;6;46;44;33;17;13;16;9;4;12;28;-1
19;13;20;24;11;16;6;20;13;2;32;24;13;9;8;12;10;0;5;12;-1
18;11;22;19;5;12;0;5;6;1;23;32;9;11;1;4;4;1;4;19;-1
19;14;36;15;19;9;3;18;20;3;20;38;22;17;10;5;3;2;10;13;-1
15;18;17;14;11;8;5;17;6;7;16;27;16;5;13;4;3;0;10;10;-1
31;11;15;27;9;10;0;16;13;7;24;29;19;14;5;10;2;0;9;21;-1
17;17;15;23;8;16;4;17;22;6;29;30;15;4;9;5;10;3;9;18;-1
28;26;35;30;9;24;1;16;28;6;37;50;27;21;13;8;9;8;18;38;-1
28;28;26;30;13;20;4;28;27;12;29;48;24;16;10;4;11;0;9;34;-1
22;18;28;11;12;16;2;25;18;2;28;24;14;14;7;12;5;0;6;21;-1
20;14;24;26;7;20;1;21;12;7;18;30;18;11;13;4;13;1;9;20;-1
15;8;16;10;5;6;2;8;2;6;16;13;13;6;6;3;5;3;5;9;-1
12;13;19;17;8;11;3;24;23;4;18;16;13;4;11;5;7;2;14;18;-1
23;11;15;19;17;17;1;14;16;12;22;31;7;9;9;3;7;1;9;15;-1
18;10;11;27;4;21;1;27;9;6;22;27;11;11;13;9;8;1;11;7;-1
16;13;11;23;12;17;5;18;29;5;23;30;17;4;11;9;7;2;16;13;-1
28;15;19;13;7;17;0;17;13;4;16;27;7;12;12;3;6;1;10;15;-1
17;13;15;14;11;14;1;28;17;6;19;24;7;7;14;8;4;1;5;16;-1
24;14;18;25;6;21;0;21;27;4;28;32;9;13;14;8;5;1;18;20;-1
20;7;33;19;5;6;0;7;9;7;18;29;12;10;4;6;6;0;9;17;-1
17;18;28;16;17;19;4;19;15;6;20;42;16;7;15;9;3;3;11;21;-1
9;10;17;14;4;21;1;26;6;1;12;22;8;7;22;7;6;0;8;7;-1
13;10;15;14;12;16;2;21;3;6;10;18;18;14;3;4;8;0;11;11;-1
11;13;19;14;13;9;6;10;6;3;14;16;4;9;10;8;7;1;9;18;-1
17;11;19;22;12;24;0;20;10;9;17;27;13;11;8;7;9;0;13;15;-1
12;10;7;15;7;9;2;14;11;1;8;14;11;3;9;8;2;0;7;12;-1
34;17;28;46;10;15;1;17;15;5;29;47;19;30;7;24;4;1;20;39;-1
18;17;20;23;7;17;0;16;10;4;18;27;24;6;16;11;13;0;12;14;-1
13;14;10;12;12;8;1;13;7;2;7;16;5;4;10;6;3;0;11;14;-1
9;8;29;12;10;7;5;2;8;7;15;32;12;13;3;8;4;5;4;14;-1
5;6;17;8;12;2;2;5;7;3;6;27;7;5;10;2;2;2;5;7;-1
13;11;9;21;6;22;0;17;9;4;14;29;8;3;13;9;2;0;12;11;-1
18;7;16;33;2;24;3;19;15;2;19;28;5;8;7;8;1;1;15;16;-1
16;15;16;17;11;22;3;18;14;2;14;33;12;13;7;5;8;2;8;10;-1
24;17;28;20;8;15;2;16;6;2;28;20;9;13;6;1;10;0;13;18;-1
23;22;25;31;21;33;3;36;21;6;21;46;16;12;12;7;5;1;11;12;-1
27;23;22;22;15;22;0;16;14;9;25;35;17;10;14;4;9;2;13;16;-1
32;25;35;28;4;9;4;14;16;4;25;44;15;21;8;4;4;2;7;32;-1
22;16;20;16;13;24;4;16;16;5;18;13;18;9;14;7;6;8;14;8;-1
14;14;15;15;10;17;5;20;25;4;8;33;10;12;16;6;8;1;4;15;-1
11;6;19;2;4;5;3;8;10;4;16;9;15;9;2;6;1;0;3;3;-1
12;8;49;13;5;23;4;13;11;5;15;25;13;5;6;6;4;2;18;13;-1
13;20;13;16;9;21;4;20;17;7;22;23;9;9;14;12;9;6;21;17;-1
12;6;11;10;3;14;3;6;2;0;6;10;6;5;4;3;3;2;4;2;-1
11;6;8;6;3;8;3;11;6;1;5;6;5;6;4;3;5;2;5;9;-1
10;7;13;8;5;12;3;5;6;2;4;11;7;4;3;0;3;3;7;1;-1
7;8;7;6;8;6;2;5;2;1;6;4;4;3;2;4;1;1;4;4;-1
6;4;4;4;4;6;2;7;6;4;8;5;4;3;0;1;0;0;4;2;-1
11;2;9;11;1;7;2;7;2;1;3;3;3;7;4;2;6;0;2;2;-1
10;10;14;6;12;7;2;2;2;4;5;15;10;5;5;2;2;1;7;3;-1
4;10;14;3;3;0;2;1;2;1;3;10;1;5;0;2;1;2;4;7;-1
9;10;11;11;5;8;0;6;8;1;6;9;6;3;5;1;0;0;10;1;-1
10;6;10;10;4;8;2;8;2;1;5;8;4;6;5;4;5;1;4;4;-1
9;6;6;8;5;4;2;6;3;2;8;7;7;3;6;2;3;0;5;4;-1
5;5;7;20;1;10;0;8;4;3;2;6;3;5;5;4;1;0;10;3;-1
21;12;17;12;14;16;2;5;8;3;13;12;9;7;7;8;6;2;11;3;-1
14;7;17;15;9;17;2;8;12;5;15;29;11;15;5;7;11;5;8;9;-1
4;4;8;7;3;7;0;4;3;1;4;8;2;2;4;4;4;1;4;5;-1
4;4;3;4;4;8;1;6;7;1;5;14;3;3;2;3;1;0;4;2;-1
4;4;8;5;1;3;2;2;3;3;4;7;4;4;2;3;6;1;4;5;-1
6;8;5;3;1;7;1;6;5;1;4;9;1;5;3;6;2;1;3;3;-1
6;5;5;9;2;4;1;3;5;3;5;13;1;6;2;2;1;1;4;6;-1
6;8;6;3;2;6;1;2;5;1;6;12;4;4;2;3;3;0;3;3;-1
6;3;6;6;1;3;0;5;6;5;7;12;3;6;8;4;1;1;6;3;-1
9;3;3;7;3;6;3;2;2;1;7;10;9;6;3;1;1;1;6;3;-1
11;10;6;8;4;13;0;3;8;1;10;13;4;6;3;9;2;1;7;3;-1
14;12;5;9;3;9;2;10;5;4;7;8;6;5;8;7;8;3;6;6;-1
7;5;5;7;3;8;0;8;3;0;4;16;5;6;4;4;0;0;1;4;-1
12;9;16;9;12;14;2;8;9;1;9;16;8;11;9;6;6;5;3;4;-1
12;10;12;13;4;11;2;4;8;2;11;10;6;10;2;4;1;4;13;5;-1
18;8;16;10;4;13;3;6;7;2;19;17;7;9;6;0;1;1;9;5;-1
13;14;19;15;5;14;1;12;10;5;13;11;14;8;5;5;2;3;11;6;-1
17;7;19;11;8;6;3;11;9;4;11;17;9;6;12;1;0;0;8;5;-1
16;8;13;7;5;7;2;4;4;1;15;15;5;13;7;4;1;3;5;9;-1
11;7;22;3;6;2;2;2;9;0;8;9;10;9;9;3;2;5;10;5;-1
16;18;15;10;6;15;3;11;16;9;12;9;13;9;4;7;3;5;8;12;-1
9;10;7;11;5;7;2;12;5;2;8;17;9;9;7;3;3;0;3;9;-1
20;12;20;9;7;13;1;10;8;2;14;8;15;8;10;7;5;1;7;8;-1
11;7;13;9;5;7;1;8;6;5;12;10;9;9;6;5;6;2;5;6;-1
13;7;15;7;0;10;0;17;4;0;15;11;8;6;6;2;5;0;4;7;-1
22;16;9;17;10;16;5;22;16;7;20;15;14;16;6;11;4;2;13;17;-1
20;8;15;16;1;15;1;18;11;3;17;10;12;8;11;6;2;0;8;9;-1
10;13;8;9;6;11;1;15;14;3;13;20;9;0;11;6;4;0;3;7;-1
12;11;12;12;3;13;3;12;7;5;12;13;10;7;6;2;8;0;6;2;-1
20;10;40;17;9;6;2;18;11;2;23;15;16;9;6;4;14;1;2;14;-1
12;14;8;14;11;14;0;18;9;2;15;17;18;15;10;3;5;3;13;6;-1
17;20;10;11;7;20;3;13;12;4;14;14;12;6;9;5;8;1;11;10;-1
18;17;14;18;12;12;2;23;15;6;19;16;21;8;7;7;6;8;5;17;-1
8;6;13;7;1;6;3;10;7;3;8;9;7;3;4;4;4;2;3;2;-1
13;4;10;16;4;12;0;13;6;0;7;11;7;2;1;5;1;0;2;12;-1
5;4;12;4;4;1;2;9;5;2;13;11;11;4;4;1;4;2;2;6;-1
13;7;21;7;2;5;0;9;5;2;17;11;6;10;4;1;0;1;2;6;-1
26;20;46;27;16;18;4;17;21;6;30;38;22;15;23;11;8;5;21;22;-1
28;22;38;37;5;33;2;25;17;5;24;36;19;17;9;15;12;4;18;22;-1
28;15;37;26;21;12;9;24;17;1;20;38;20;20;15;14;3;4;9;21;-1
13;20;41;17;16;5;8;22;16;8;19;52;14;21;17;11;5;8;11;31;-1
15;18;37;23;9;17;8;22;18;13;24;41;20;12;14;8;12;4;11;14;-1
25;13;45;36;7;8;1;5;12;3;29;54;15;29;4;12;7;3;21;39;-1
34;24;24;23;25;21;6;20;25;13;29;37;18;28;11;12;13;8;29;18;-1
33;22;52;30;16;19;12;20;27;15;38;54;16;22;8;13;13;9;27;30;-1
29;22;42;20;14;17;6;24;28;13;30;40;19;12;16;9;8;6;18;18;-1
31;21;43;21;14;13;5;14;22;11;35;50;20;17;15;10;5;2;12;23;-1
30;21;41;21;15;22;0;24;29;14;28;40;28;17;22;10;2;2;14;13;-1
20;20;38;21;14;15;7;26;22;8;25;35;16;18;14;14;11;11;10;16;-1
35;13;24;34;6;30;3;29;26;10;26;32;23;13;15;11;11;1;13;21;-1
31;14;32;28;13;10;5;16;21;9;35;52;19;19;15;11;7;8;7;25;-1
28;24;45;23;20;6;7;19;22;10;30;46;27;19;10;13;8;8;12;27;-1
21;16;43;19;24;6;9;26;11;14;36;41;24;19;14;15;2;7;15;19;-1
27;27;50;24;8;11;5;25;22;8;47;52;22;19;9;12;13;2;15;33;-1
30;24;32;27;7;25;6;27;17;8;35;43;19;23;18;18;6;6;14;19;-1
28;21;54;29;17;21;8;29;15;12;42;41;18;20;13;12;10;1;14;20;-1
36;20;49;28;20;19;2;22;13;15;35;32;21;18;14;15;9;0;16;21;-1
19;22;53;18;13;12;4;27;16;14;28;35;26;21;10;10;10;6;13;19;-1
25;20;53;17;27;7;5;16;29;12;32;44;14;14;8;7;7;7;11;28;-1
27;18;31;31;14;25;9;18;34;13;27;46;22;16;26;15;12;7;23;17;-1
26;33;36;25;17;28;4;26;22;15;35;36;19;25;27;25;11;6;25;21;-1
16;17;14;22;7;15;3;16;19;6;6;19;12;11;16;15;7;3;14;17;1
17;16;11;11;13;15;4;18;16;7;17;24;10;18;17;16;9;2;14;16;1
18;24;29;14;6;12;5;15;11;7;20;23;13;10;15;14;7;8;14;17;1
20;19;17;9;12;12;3;9;21;8;13;29;26;12;10;9;5;6;15;8;1
24;17;15;19;11;26;3;18;10;10;14;20;14;13;12;15;9;9;18;10;1
23;12;19;22;7;15;0;19;9;9;21;20;21;5;16;5;6;0;10;11;1
40;25;36;38;32;35;7;30;23;13;35;43;15;22;27;16;12;5;28;19;1
14;17;25;18;18;13;1;17;16;5;28;40;13;15;7;17;3;3;8;14;1
24;11;16;14;6;11;1;6;10;7;14;29;20;18;12;8;4;5;9;27;1
25;24;27;17;20;17;5;13;16;9;20;32;13;21;7;15;4;10;21;27;1
19;12;13;11;15;13;2;18;17;9;17;24;12;16;19;11;9;4;16;8;1
18;12;19;11;9;6;2;6;5;8;15;21;7;11;7;4;7;4;5;11;1
15;20;17;28;8;30;8;16;19;10;16;21;15;17;23;27;5;12;22;10;1
20;13;14;9;2;14;2;14;9;5;1;12;12;7;8;3;6;0;2;9;-1
17;4;27;9;7;7;1;12;11;2;12;8;7;10;3;5;4;0;4;5;-1
20;14;10;14;5;19;0;15;19;1;13;13;11;9;6;6;0;0;9;6;-1
11;12;13;11;7;5;1;7;5;9;15;8;11;6;4;5;3;2;7;8;-1
7;7;19;6;2;4;0;5;6;7;9;10;7;7;1;0;1;0;4;7;-1
10;9;5;8;4;9;0;3;5;3;8;13;6;2;5;2;3;3;4;9;-1
8;8;5;5;1;11;0;5;7;1;7;10;6;3;4;7;5;2;8;2;-1
12;5;6;7;0;10;0;14;8;2;8;7;4;4;6;1;1;0;5;3;-1
7;1;3;17;4;7;0;3;11;0;10;17;6;4;4;2;3;2;9;8;-1
20;23;37;20;9;23;0;16;15;1;20;19;13;10;17;10;5;7;16;9;-1
7;10;12;8;7;4;1;4;8;7;14;17;12;5;2;3;4;3;3;9;-1
30;24;48;43;22;39;8;29;13;17;45;37;23;24;14;13;7;14;15;29;-1
31;31;35;41;17;43;6;35;27;8;35;38;23;27;26;26;17;7;27;28;-1
22;15;20;22;3;27;1;25;11;0;13;20;6;8;11;11;5;0;8;12;-1
28;11;13;22;16;19;6;14;19;6;16;37;9;11;14;8;6;0;7;11;-1
11;15;16;8;20;13;4;11;12;6;14;38;15;23;7;8;3;6;8;13;-1
58;43;100;67;33;66;12;52;41;22;54;67;44;37;40;24;25;19;37;41;-1
37;24;48;26;17;29;19;21;45;12;29;53;36;27;18;21;12;8;13;35;-1
23;31;33;30;16;34;7;24;40;11;36;49;32;38;15;14;15;11;18;25;-1
35;31;42;32;9;25;7;25;24;18;35;38;26;21;18;18;14;5;25;28;-1
36;42;58;41;19;37;7;25;46;14;49;63;28;36;25;28;25;12;30;43;-1
